current directory: /Users/avishek/Documents/projects/decap_cms_portfolio/avishek-018.github.io/vendor/bundle/ruby/2.6.0/gems/nokogiri-1.11.1/ext/nokogiri
/System/Library/Frameworks/Ruby.framework/Versions/2.6/usr/bin/ruby -I /System/Library/Frameworks/Ruby.framework/Versions/2.6/usr/lib/ruby/2.6.0 -r ./siteconf20260303-90698-1nl3ekb.rb extconf.rb
checking for whether -g is accepted as CFLAGS... yes
checking for whether -Winline is accepted as CFLAGS... yes
checking for whether -Wmissing-noreturn is accepted as CFLAGS... yes
checking for whether -Wno-error=unused-command-line-argument-hard-error-in-future is accepted as CFLAGS... no
Building nokogiri using packaged libraries.
Static linking is enabled.
Cross build is disabled.
checking for iconv.h... yes
checking for gzdopen() in -lz... yes
Using mini_portile version 2.5.0
checking for iconv... yes
---------- IMPORTANT NOTICE ----------
Building Nokogiri with a packaged version of libxml2-2.9.10.
Configuration options: --host\=aarch64-apple-darwin24 --enable-static --disable-shared --libdir\=/Users/avishek/Documents/projects/decap_cms_portfolio/avishek-018.github.io/vendor/bundle/ruby/2.6.0/gems/nokogiri-1.11.1/ports/aarch64-apple-darwin24/libxml2/2.9.10/lib --with-iconv\=yes --without-python --without-readline --with-c14n --with-debug --with-threads --disable-shared --enable-static RANLIB\=/usr/bin/ranlib AR\=/usr/bin/ar CFLAGS\=-O2\ -U_FORTIFY_SOURCE\ -g\ -fPIC LDFLAGS\=
The following patches are being applied:
  - 0001-Revert-Do-not-URI-escape-in-server-side-includes.patch
  - 0002-Remove-script-macro-support.patch
  - 0003-Update-entities-to-remove-handling-of-ssi.patch
  - 0004-libxml2.la-is-in-top_builddir.patch
  - 0005-Fix-infinite-loop-in-xmlStringLenDecodeEntities.patch
  - 0006-htmlParseComment-treat-as-if-it-closed-the-comment.patch
  - 0007-use-new-htmlParseLookupCommentEnd-to-find-comment-en.patch
  - 0008-use-glibc-strlen.patch
  - 0009-avoid-isnan-isinf.patch

The Nokogiri maintainers intend to provide timely security updates, but if
this is a concern for you and want to use your OS/distro system library
instead, then abort this installation process and install nokogiri as
instructed at:

  https://nokogiri.org/tutorials/installing_nokogiri.html#install-with-system-libraries

Note, however, that nokogiri cannot guarantee compatiblity with every
version of libxml2 that may be provided by OS/package vendors.

Extracting libxml2-2.9.10.tar.gz into tmp/aarch64-apple-darwin24/ports/libxml2/2.9.10... OK
Running git apply with /Users/avishek/Documents/projects/decap_cms_portfolio/avishek-018.github.io/vendor/bundle/ruby/2.6.0/gems/nokogiri-1.11.1/patches/libxml2/0001-Revert-Do-not-URI-escape-in-server-side-includes.patch... OK
Running git apply with /Users/avishek/Documents/projects/decap_cms_portfolio/avishek-018.github.io/vendor/bundle/ruby/2.6.0/gems/nokogiri-1.11.1/patches/libxml2/0002-Remove-script-macro-support.patch... OK
Running git apply with /Users/avishek/Documents/projects/decap_cms_portfolio/avishek-018.github.io/vendor/bundle/ruby/2.6.0/gems/nokogiri-1.11.1/patches/libxml2/0003-Update-entities-to-remove-handling-of-ssi.patch... OK
Running git apply with /Users/avishek/Documents/projects/decap_cms_portfolio/avishek-018.github.io/vendor/bundle/ruby/2.6.0/gems/nokogiri-1.11.1/patches/libxml2/0004-libxml2.la-is-in-top_builddir.patch... OK
Running git apply with /Users/avishek/Documents/projects/decap_cms_portfolio/avishek-018.github.io/vendor/bundle/ruby/2.6.0/gems/nokogiri-1.11.1/patches/libxml2/0005-Fix-infinite-loop-in-xmlStringLenDecodeEntities.patch... OK
Running git apply with /Users/avishek/Documents/projects/decap_cms_portfolio/avishek-018.github.io/vendor/bundle/ruby/2.6.0/gems/nokogiri-1.11.1/patches/libxml2/0006-htmlParseComment-treat-as-if-it-closed-the-comment.patch... OK
Running git apply with /Users/avishek/Documents/projects/decap_cms_portfolio/avishek-018.github.io/vendor/bundle/ruby/2.6.0/gems/nokogiri-1.11.1/patches/libxml2/0007-use-new-htmlParseLookupCommentEnd-to-find-comment-en.patch... OK
Running git apply with /Users/avishek/Documents/projects/decap_cms_portfolio/avishek-018.github.io/vendor/bundle/ruby/2.6.0/gems/nokogiri-1.11.1/patches/libxml2/0008-use-glibc-strlen.patch... OK
Running git apply with /Users/avishek/Documents/projects/decap_cms_portfolio/avishek-018.github.io/vendor/bundle/ruby/2.6.0/gems/nokogiri-1.11.1/patches/libxml2/0009-avoid-isnan-isinf.patch... OK
Running 'configure' for libxml2 2.9.10... OK
Running 'compile' for libxml2 2.9.10... OK
Running 'install' for libxml2 2.9.10... OK
Activating libxml2 2.9.10 (from /Users/avishek/Documents/projects/decap_cms_portfolio/avishek-018.github.io/vendor/bundle/ruby/2.6.0/gems/nokogiri-1.11.1/ports/aarch64-apple-darwin24/libxml2/2.9.10)...
Using mini_portile version 2.5.0
---------- IMPORTANT NOTICE ----------
Building Nokogiri with a packaged version of libxslt-1.1.34.
Configuration options: --host\=aarch64-apple-darwin24 --enable-static --disable-shared --libdir\=/Users/avishek/Documents/projects/decap_cms_portfolio/avishek-018.github.io/vendor/bundle/ruby/2.6.0/gems/nokogiri-1.11.1/ports/aarch64-apple-darwin24/libxslt/1.1.34/lib --without-python --without-crypto --with-debug --with-libxml-prefix\=/Users/avishek/Documents/projects/decap_cms_portfolio/avishek-018.github.io/vendor/bundle/ruby/2.6.0/gems/nokogiri-1.11.1/ports/aarch64-apple-darwin24/libxml2/2.9.10 --disable-shared --enable-static RANLIB\=/usr/bin/ranlib AR\=/usr/bin/ar CFLAGS\=-O2\ -U_FORTIFY_SOURCE\ -g\ -fPIC LDFLAGS\=-L/Users/avishek/Documents/projects/decap_cms_portfolio/avishek-018.github.io/vendor/bundle/ruby/2.6.0/gems/nokogiri-1.11.1/ports/aarch64-apple-darwin24/libxml2/2.9.10/lib

The Nokogiri maintainers intend to provide timely security updates, but if
this is a concern for you and want to use your OS/distro system library
instead, then abort this installation process and install nokogiri as
instructed at:

  https://nokogiri.org/tutorials/installing_nokogiri.html#install-with-system-libraries

Extracting libxslt-1.1.34.tar.gz into tmp/aarch64-apple-darwin24/ports/libxslt/1.1.34... OK
Running 'configure' for libxslt 1.1.34... OK
Running 'compile' for libxslt 1.1.34... OK
Running 'install' for libxslt 1.1.34... OK
Activating libxslt 1.1.34 (from /Users/avishek/Documents/projects/decap_cms_portfolio/avishek-018.github.io/vendor/bundle/ruby/2.6.0/gems/nokogiri-1.11.1/ports/aarch64-apple-darwin24/libxslt/1.1.34)...
checking for whether -DNOKOGIRI_PACKAGED_LIBRARIES is accepted as CPPFLAGS... yes
checking for whether -DNOKOGIRI_LIBXML2_PATCHES="\"0001-Revert-Do-not-URI-escape-in-server-side-includes.patch 0002-Remove-script-macro-support.patch 0003-Update-entities-to-remove-handling-of-ssi.patch 0004-libxml2.la-is-in-top_builddir.patch 0005-Fix-infinite-loop-in-xmlStringLenDecodeEntities.patch 0006-htmlParseComment-treat-as-if-it-closed-the-comment.patch 0007-use-new-htmlParseLookupCommentEnd-to-find-comment-en.patch 0008-use-glibc-strlen.patch 0009-avoid-isnan-isinf.patch\"" is accepted as CPPFLAGS... yes
checking for -llzma... yes
checking for whether -DNOKOGIRI_LIBXSLT_PATCHES="\"\"" is accepted as CPPFLAGS... yes
checking for xmlParseDoc() in libxml/parser.h... yes
checking for xsltParseStylesheetDoc() in libxslt/xslt.h... yes
checking for exsltFuncRegister() in libexslt/exslt.h... yes
checking for xmlHasFeature()... yes
checking for xmlFirstElementChild()... yes
checking for xmlRelaxNGSetParserStructuredErrors()... yes
checking for xmlRelaxNGSetValidStructuredErrors()... yes
checking for xmlSchemaSetValidStructuredErrors()... yes
checking for xmlSchemaSetParserStructuredErrors()... yes
checking for vasprintf()... yes
checking for whether -DNOKOGIRI_OTHER_LIBRARY_VERSIONS="\"\"" is accepted as CPPFLAGS... yes
creating Makefile

current directory: /Users/avishek/Documents/projects/decap_cms_portfolio/avishek-018.github.io/vendor/bundle/ruby/2.6.0/gems/nokogiri-1.11.1/ext/nokogiri
make "DESTDIR=" clean

current directory: /Users/avishek/Documents/projects/decap_cms_portfolio/avishek-018.github.io/vendor/bundle/ruby/2.6.0/gems/nokogiri-1.11.1/ext/nokogiri
make "DESTDIR="
compiling html_document.c
html_document.c:169:23: warning: '(' and '{' tokens introducing statement expression appear in different macro expansion contexts [-Wcompound-token-split-by-macro]
  169 |   id_encoding_found = rb_intern("encoding_found");
      |                       ^~~~~~~~~~~~~~~~~~~~~~~~~~~
/Library/Developer/CommandLineTools/SDKs/MacOSX.sdk/System/Library/Frameworks/Ruby.framework/Versions/2.6/usr/include/ruby-2.6.0/ruby/ruby.h:1826:23: note: expanded from macro 'rb_intern'
 1826 |         __extension__ (RUBY_CONST_ID_CACHE((ID), (str))) : \
      |                       ^
html_document.c:169:23: note: '{' token is here
  169 |   id_encoding_found = rb_intern("encoding_found");
      |                       ^~~~~~~~~~~~~~~~~~~~~~~~~~~
/Library/Developer/CommandLineTools/SDKs/MacOSX.sdk/System/Library/Frameworks/Ruby.framework/Versions/2.6/usr/include/ruby-2.6.0/ruby/ruby.h:1826:24: note: expanded from macro 'rb_intern'
 1826 |         __extension__ (RUBY_CONST_ID_CACHE((ID), (str))) : \
      |                        ^~~~~~~~~~~~~~~~~~~~~~~~~~~~~~~~
/Library/Developer/CommandLineTools/SDKs/MacOSX.sdk/System/Library/Frameworks/Ruby.framework/Versions/2.6/usr/include/ruby-2.6.0/ruby/ruby.h:1811:5: note: expanded from macro 'RUBY_CONST_ID_CACHE'
 1811 |     {                                                   \
      |     ^
html_document.c:169:23: warning: '}' and ')' tokens terminating statement expression appear in different macro expansion contexts [-Wcompound-token-split-by-macro]
  169 |   id_encoding_found = rb_intern("encoding_found");
      |                       ^~~~~~~~~~~~~~~~~~~~~~~~~~~
/Library/Developer/CommandLineTools/SDKs/MacOSX.sdk/System/Library/Frameworks/Ruby.framework/Versions/2.6/usr/include/ruby-2.6.0/ruby/ruby.h:1826:24: note: expanded from macro 'rb_intern'
 1826 |         __extension__ (RUBY_CONST_ID_CACHE((ID), (str))) : \
      |                        ^~~~~~~~~~~~~~~~~~~~~~~~~~~~~~~~
/Library/Developer/CommandLineTools/SDKs/MacOSX.sdk/System/Library/Frameworks/Ruby.framework/Versions/2.6/usr/include/ruby-2.6.0/ruby/ruby.h:1816:5: note: expanded from macro 'RUBY_CONST_ID_CACHE'
 1816 |     }
      |     ^
html_document.c:169:23: note: ')' token is here
  169 |   id_encoding_found = rb_intern("encoding_found");
      |                       ^~~~~~~~~~~~~~~~~~~~~~~~~~~
/Library/Developer/CommandLineTools/SDKs/MacOSX.sdk/System/Library/Frameworks/Ruby.framework/Versions/2.6/usr/include/ruby-2.6.0/ruby/ruby.h:1826:56: note: expanded from macro 'rb_intern'
 1826 |         __extension__ (RUBY_CONST_ID_CACHE((ID), (str))) : \
      |                                                        ^
html_document.c:170:13: warning: '(' and '{' tokens introducing statement expression appear in different macro expansion contexts [-Wcompound-token-split-by-macro]
  170 |   id_to_s = rb_intern("to_s");
      |             ^~~~~~~~~~~~~~~~~
/Library/Developer/CommandLineTools/SDKs/MacOSX.sdk/System/Library/Frameworks/Ruby.framework/Versions/2.6/usr/include/ruby-2.6.0/ruby/ruby.h:1826:23: note: expanded from macro 'rb_intern'
 1826 |         __extension__ (RUBY_CONST_ID_CACHE((ID), (str))) : \
      |                       ^
html_document.c:170:13: note: '{' token is here
  170 |   id_to_s = rb_intern("to_s");
      |             ^~~~~~~~~~~~~~~~~
/Library/Developer/CommandLineTools/SDKs/MacOSX.sdk/System/Library/Frameworks/Ruby.framework/Versions/2.6/usr/include/ruby-2.6.0/ruby/ruby.h:1826:24: note: expanded from macro 'rb_intern'
 1826 |         __extension__ (RUBY_CONST_ID_CACHE((ID), (str))) : \
      |                        ^~~~~~~~~~~~~~~~~~~~~~~~~~~~~~~~
/Library/Developer/CommandLineTools/SDKs/MacOSX.sdk/System/Library/Frameworks/Ruby.framework/Versions/2.6/usr/include/ruby-2.6.0/ruby/ruby.h:1811:5: note: expanded from macro 'RUBY_CONST_ID_CACHE'
 1811 |     {                                                   \
      |     ^
html_document.c:170:13: warning: '}' and ')' tokens terminating statement expression appear in different macro expansion contexts [-Wcompound-token-split-by-macro]
  170 |   id_to_s = rb_intern("to_s");
      |             ^~~~~~~~~~~~~~~~~
/Library/Developer/CommandLineTools/SDKs/MacOSX.sdk/System/Library/Frameworks/Ruby.framework/Versions/2.6/usr/include/ruby-2.6.0/ruby/ruby.h:1826:24: note: expanded from macro 'rb_intern'
 1826 |         __extension__ (RUBY_CONST_ID_CACHE((ID), (str))) : \
      |                        ^~~~~~~~~~~~~~~~~~~~~~~~~~~~~~~~
/Library/Developer/CommandLineTools/SDKs/MacOSX.sdk/System/Library/Frameworks/Ruby.framework/Versions/2.6/usr/include/ruby-2.6.0/ruby/ruby.h:1816:5: note: expanded from macro 'RUBY_CONST_ID_CACHE'
 1816 |     }
      |     ^
html_document.c:170:13: note: ')' token is here
  170 |   id_to_s = rb_intern("to_s");
      |             ^~~~~~~~~~~~~~~~~
/Library/Developer/CommandLineTools/SDKs/MacOSX.sdk/System/Library/Frameworks/Ruby.framework/Versions/2.6/usr/include/ruby-2.6.0/ruby/ruby.h:1826:56: note: expanded from macro 'rb_intern'
 1826 |         __extension__ (RUBY_CONST_ID_CACHE((ID), (str))) : \
      |                                                        ^
4 warnings generated.
compiling html_element_description.c
compiling html_entity_lookup.c
html_entity_lookup.c:16:39: warning: '(' and '{' tokens introducing statement expression appear in different macro expansion contexts [-Wcompound-token-split-by-macro]
   16 |   klass = rb_const_get(mNokogiriHtml, rb_intern("EntityDescription"));
      |                                       ^~~~~~~~~~~~~~~~~~~~~~~~~~~~~~
/Library/Developer/CommandLineTools/SDKs/MacOSX.sdk/System/Library/Frameworks/Ruby.framework/Versions/2.6/usr/include/ruby-2.6.0/ruby/ruby.h:1826:23: note: expanded from macro 'rb_intern'
 1826 |         __extension__ (RUBY_CONST_ID_CACHE((ID), (str))) : \
      |                       ^
html_entity_lookup.c:16:39: note: '{' token is here
   16 |   klass = rb_const_get(mNokogiriHtml, rb_intern("EntityDescription"));
      |                                       ^~~~~~~~~~~~~~~~~~~~~~~~~~~~~~
/Library/Developer/CommandLineTools/SDKs/MacOSX.sdk/System/Library/Frameworks/Ruby.framework/Versions/2.6/usr/include/ruby-2.6.0/ruby/ruby.h:1826:24: note: expanded from macro 'rb_intern'
 1826 |         __extension__ (RUBY_CONST_ID_CACHE((ID), (str))) : \
      |                        ^~~~~~~~~~~~~~~~~~~~~~~~~~~~~~~~
/Library/Developer/CommandLineTools/SDKs/MacOSX.sdk/System/Library/Frameworks/Ruby.framework/Versions/2.6/usr/include/ruby-2.6.0/ruby/ruby.h:1811:5: note: expanded from macro 'RUBY_CONST_ID_CACHE'
 1811 |     {                                                   \
      |     ^
html_entity_lookup.c:16:39: warning: '}' and ')' tokens terminating statement expression appear in different macro expansion contexts [-Wcompound-token-split-by-macro]
   16 |   klass = rb_const_get(mNokogiriHtml, rb_intern("EntityDescription"));
      |                                       ^~~~~~~~~~~~~~~~~~~~~~~~~~~~~~
/Library/Developer/CommandLineTools/SDKs/MacOSX.sdk/System/Library/Frameworks/Ruby.framework/Versions/2.6/usr/include/ruby-2.6.0/ruby/ruby.h:1826:24: note: expanded from macro 'rb_intern'
 1826 |         __extension__ (RUBY_CONST_ID_CACHE((ID), (str))) : \
      |                        ^~~~~~~~~~~~~~~~~~~~~~~~~~~~~~~~
/Library/Developer/CommandLineTools/SDKs/MacOSX.sdk/System/Library/Frameworks/Ruby.framework/Versions/2.6/usr/include/ruby-2.6.0/ruby/ruby.h:1816:5: note: expanded from macro 'RUBY_CONST_ID_CACHE'
 1816 |     }
      |     ^
html_entity_lookup.c:16:39: note: ')' token is here
   16 |   klass = rb_const_get(mNokogiriHtml, rb_intern("EntityDescription"));
      |                                       ^~~~~~~~~~~~~~~~~~~~~~~~~~~~~~
/Library/Developer/CommandLineTools/SDKs/MacOSX.sdk/System/Library/Frameworks/Ruby.framework/Versions/2.6/usr/include/ruby-2.6.0/ruby/ruby.h:1826:56: note: expanded from macro 'rb_intern'
 1826 |         __extension__ (RUBY_CONST_ID_CACHE((ID), (str))) : \
      |                                                        ^
2 warnings generated.
compiling html_sax_parser_context.c
compiling html_sax_push_parser.c
compiling nokogiri.c
nokogiri.c:71:27: warning: '(' and '{' tokens introducing statement expression appear in different macro expansion contexts [-Wcompound-token-split-by-macro]
   71 |   rb_const_set(mNokogiri, rb_intern("LIBXML_COMPILED_VERSION"), NOKOGIRI_STR_NEW2(LIBXML_DOTTED_VERSION));
      |                           ^~~~~~~~~~~~~~~~~~~~~~~~~~~~~~~~~~~~
/Library/Developer/CommandLineTools/SDKs/MacOSX.sdk/System/Library/Frameworks/Ruby.framework/Versions/2.6/usr/include/ruby-2.6.0/ruby/ruby.h:1826:23: note: expanded from macro 'rb_intern'
 1826 |         __extension__ (RUBY_CONST_ID_CACHE((ID), (str))) : \
      |                       ^
nokogiri.c:71:27: note: '{' token is here
   71 |   rb_const_set(mNokogiri, rb_intern("LIBXML_COMPILED_VERSION"), NOKOGIRI_STR_NEW2(LIBXML_DOTTED_VERSION));
      |                           ^~~~~~~~~~~~~~~~~~~~~~~~~~~~~~~~~~~~
/Library/Developer/CommandLineTools/SDKs/MacOSX.sdk/System/Library/Frameworks/Ruby.framework/Versions/2.6/usr/include/ruby-2.6.0/ruby/ruby.h:1826:24: note: expanded from macro 'rb_intern'
 1826 |         __extension__ (RUBY_CONST_ID_CACHE((ID), (str))) : \
      |                        ^~~~~~~~~~~~~~~~~~~~~~~~~~~~~~~~
/Library/Developer/CommandLineTools/SDKs/MacOSX.sdk/System/Library/Frameworks/Ruby.framework/Versions/2.6/usr/include/ruby-2.6.0/ruby/ruby.h:1811:5: note: expanded from macro 'RUBY_CONST_ID_CACHE'
 1811 |     {                                                   \
      |     ^
nokogiri.c:71:27: warning: '}' and ')' tokens terminating statement expression appear in different macro expansion contexts [-Wcompound-token-split-by-macro]
   71 |   rb_const_set(mNokogiri, rb_intern("LIBXML_COMPILED_VERSION"), NOKOGIRI_STR_NEW2(LIBXML_DOTTED_VERSION));
      |                           ^~~~~~~~~~~~~~~~~~~~~~~~~~~~~~~~~~~~
/Library/Developer/CommandLineTools/SDKs/MacOSX.sdk/System/Library/Frameworks/Ruby.framework/Versions/2.6/usr/include/ruby-2.6.0/ruby/ruby.h:1826:24: note: expanded from macro 'rb_intern'
 1826 |         __extension__ (RUBY_CONST_ID_CACHE((ID), (str))) : \
      |                        ^~~~~~~~~~~~~~~~~~~~~~~~~~~~~~~~
/Library/Developer/CommandLineTools/SDKs/MacOSX.sdk/System/Library/Frameworks/Ruby.framework/Versions/2.6/usr/include/ruby-2.6.0/ruby/ruby.h:1816:5: note: expanded from macro 'RUBY_CONST_ID_CACHE'
 1816 |     }
      |     ^
nokogiri.c:71:27: note: ')' token is here
   71 |   rb_const_set(mNokogiri, rb_intern("LIBXML_COMPILED_VERSION"), NOKOGIRI_STR_NEW2(LIBXML_DOTTED_VERSION));
      |                           ^~~~~~~~~~~~~~~~~~~~~~~~~~~~~~~~~~~~
/Library/Developer/CommandLineTools/SDKs/MacOSX.sdk/System/Library/Frameworks/Ruby.framework/Versions/2.6/usr/include/ruby-2.6.0/ruby/ruby.h:1826:56: note: expanded from macro 'rb_intern'
 1826 |         __extension__ (RUBY_CONST_ID_CACHE((ID), (str))) : \
      |                                                        ^
nokogiri.c:72:27: warning: '(' and '{' tokens introducing statement expression appear in different macro expansion contexts [-Wcompound-token-split-by-macro]
   72 |   rb_const_set(mNokogiri, rb_intern("LIBXML_LOADED_VERSION"), NOKOGIRI_STR_NEW2(xmlParserVersion));
      |                           ^~~~~~~~~~~~~~~~~~~~~~~~~~~~~~~~~~
/Library/Developer/CommandLineTools/SDKs/MacOSX.sdk/System/Library/Frameworks/Ruby.framework/Versions/2.6/usr/include/ruby-2.6.0/ruby/ruby.h:1826:23: note: expanded from macro 'rb_intern'
 1826 |         __extension__ (RUBY_CONST_ID_CACHE((ID), (str))) : \
      |                       ^
nokogiri.c:72:27: note: '{' token is here
   72 |   rb_const_set(mNokogiri, rb_intern("LIBXML_LOADED_VERSION"), NOKOGIRI_STR_NEW2(xmlParserVersion));
      |                           ^~~~~~~~~~~~~~~~~~~~~~~~~~~~~~~~~~
/Library/Developer/CommandLineTools/SDKs/MacOSX.sdk/System/Library/Frameworks/Ruby.framework/Versions/2.6/usr/include/ruby-2.6.0/ruby/ruby.h:1826:24: note: expanded from macro 'rb_intern'
 1826 |         __extension__ (RUBY_CONST_ID_CACHE((ID), (str))) : \
      |                        ^~~~~~~~~~~~~~~~~~~~~~~~~~~~~~~~
/Library/Developer/CommandLineTools/SDKs/MacOSX.sdk/System/Library/Frameworks/Ruby.framework/Versions/2.6/usr/include/ruby-2.6.0/ruby/ruby.h:1811:5: note: expanded from macro 'RUBY_CONST_ID_CACHE'
 1811 |     {                                                   \
      |     ^
nokogiri.c:72:27: warning: '}' and ')' tokens terminating statement expression appear in different macro expansion contexts [-Wcompound-token-split-by-macro]
   72 |   rb_const_set(mNokogiri, rb_intern("LIBXML_LOADED_VERSION"), NOKOGIRI_STR_NEW2(xmlParserVersion));
      |                           ^~~~~~~~~~~~~~~~~~~~~~~~~~~~~~~~~~
/Library/Developer/CommandLineTools/SDKs/MacOSX.sdk/System/Library/Frameworks/Ruby.framework/Versions/2.6/usr/include/ruby-2.6.0/ruby/ruby.h:1826:24: note: expanded from macro 'rb_intern'
 1826 |         __extension__ (RUBY_CONST_ID_CACHE((ID), (str))) : \
      |                        ^~~~~~~~~~~~~~~~~~~~~~~~~~~~~~~~
/Library/Developer/CommandLineTools/SDKs/MacOSX.sdk/System/Library/Frameworks/Ruby.framework/Versions/2.6/usr/include/ruby-2.6.0/ruby/ruby.h:1816:5: note: expanded from macro 'RUBY_CONST_ID_CACHE'
 1816 |     }
      |     ^
nokogiri.c:72:27: note: ')' token is here
   72 |   rb_const_set(mNokogiri, rb_intern("LIBXML_LOADED_VERSION"), NOKOGIRI_STR_NEW2(xmlParserVersion));
      |                           ^~~~~~~~~~~~~~~~~~~~~~~~~~~~~~~~~~
/Library/Developer/CommandLineTools/SDKs/MacOSX.sdk/System/Library/Frameworks/Ruby.framework/Versions/2.6/usr/include/ruby-2.6.0/ruby/ruby.h:1826:56: note: expanded from macro 'rb_intern'
 1826 |         __extension__ (RUBY_CONST_ID_CACHE((ID), (str))) : \
      |                                                        ^
nokogiri.c:74:27: warning: '(' and '{' tokens introducing statement expression appear in different macro expansion contexts [-Wcompound-token-split-by-macro]
   74 |   rb_const_set(mNokogiri, rb_intern("LIBXSLT_COMPILED_VERSION"), NOKOGIRI_STR_NEW2(LIBXSLT_DOTTED_VERSION));
      |                           ^~~~~~~~~~~~~~~~~~~~~~~~~~~~~~~~~~~~~
/Library/Developer/CommandLineTools/SDKs/MacOSX.sdk/System/Library/Frameworks/Ruby.framework/Versions/2.6/usr/include/ruby-2.6.0/ruby/ruby.h:1826:23: note: expanded from macro 'rb_intern'
 1826 |         __extension__ (RUBY_CONST_ID_CACHE((ID), (str))) : \
      |                       ^
nokogiri.c:74:27: note: '{' token is here
   74 |   rb_const_set(mNokogiri, rb_intern("LIBXSLT_COMPILED_VERSION"), NOKOGIRI_STR_NEW2(LIBXSLT_DOTTED_VERSION));
      |                           ^~~~~~~~~~~~~~~~~~~~~~~~~~~~~~~~~~~~~
/Library/Developer/CommandLineTools/SDKs/MacOSX.sdk/System/Library/Frameworks/Ruby.framework/Versions/2.6/usr/include/ruby-2.6.0/ruby/ruby.h:1826:24: note: expanded from macro 'rb_intern'
 1826 |         __extension__ (RUBY_CONST_ID_CACHE((ID), (str))) : \
      |                        ^~~~~~~~~~~~~~~~~~~~~~~~~~~~~~~~
/Library/Developer/CommandLineTools/SDKs/MacOSX.sdk/System/Library/Frameworks/Ruby.framework/Versions/2.6/usr/include/ruby-2.6.0/ruby/ruby.h:1811:5: note: expanded from macro 'RUBY_CONST_ID_CACHE'
 1811 |     {                                                   \
      |     ^
nokogiri.c:74:27: warning: '}' and ')' tokens terminating statement expression appear in different macro expansion contexts [-Wcompound-token-split-by-macro]
   74 |   rb_const_set(mNokogiri, rb_intern("LIBXSLT_COMPILED_VERSION"), NOKOGIRI_STR_NEW2(LIBXSLT_DOTTED_VERSION));
      |                           ^~~~~~~~~~~~~~~~~~~~~~~~~~~~~~~~~~~~~
/Library/Developer/CommandLineTools/SDKs/MacOSX.sdk/System/Library/Frameworks/Ruby.framework/Versions/2.6/usr/include/ruby-2.6.0/ruby/ruby.h:1826:24: note: expanded from macro 'rb_intern'
 1826 |         __extension__ (RUBY_CONST_ID_CACHE((ID), (str))) : \
      |                        ^~~~~~~~~~~~~~~~~~~~~~~~~~~~~~~~
/Library/Developer/CommandLineTools/SDKs/MacOSX.sdk/System/Library/Frameworks/Ruby.framework/Versions/2.6/usr/include/ruby-2.6.0/ruby/ruby.h:1816:5: note: expanded from macro 'RUBY_CONST_ID_CACHE'
 1816 |     }
      |     ^
nokogiri.c:74:27: note: ')' token is here
   74 |   rb_const_set(mNokogiri, rb_intern("LIBXSLT_COMPILED_VERSION"), NOKOGIRI_STR_NEW2(LIBXSLT_DOTTED_VERSION));
      |                           ^~~~~~~~~~~~~~~~~~~~~~~~~~~~~~~~~~~~~
/Library/Developer/CommandLineTools/SDKs/MacOSX.sdk/System/Library/Frameworks/Ruby.framework/Versions/2.6/usr/include/ruby-2.6.0/ruby/ruby.h:1826:56: note: expanded from macro 'rb_intern'
 1826 |         __extension__ (RUBY_CONST_ID_CACHE((ID), (str))) : \
      |                                                        ^
nokogiri.c:75:27: warning: '(' and '{' tokens introducing statement expression appear in different macro expansion contexts [-Wcompound-token-split-by-macro]
   75 |   rb_const_set(mNokogiri, rb_intern("LIBXSLT_LOADED_VERSION"), NOKOGIRI_STR_NEW2(xsltEngineVersion));
      |                           ^~~~~~~~~~~~~~~~~~~~~~~~~~~~~~~~~~~
/Library/Developer/CommandLineTools/SDKs/MacOSX.sdk/System/Library/Frameworks/Ruby.framework/Versions/2.6/usr/include/ruby-2.6.0/ruby/ruby.h:1826:23: note: expanded from macro 'rb_intern'
 1826 |         __extension__ (RUBY_CONST_ID_CACHE((ID), (str))) : \
      |                       ^
nokogiri.c:75:27: note: '{' token is here
   75 |   rb_const_set(mNokogiri, rb_intern("LIBXSLT_LOADED_VERSION"), NOKOGIRI_STR_NEW2(xsltEngineVersion));
      |                           ^~~~~~~~~~~~~~~~~~~~~~~~~~~~~~~~~~~
/Library/Developer/CommandLineTools/SDKs/MacOSX.sdk/System/Library/Frameworks/Ruby.framework/Versions/2.6/usr/include/ruby-2.6.0/ruby/ruby.h:1826:24: note: expanded from macro 'rb_intern'
 1826 |         __extension__ (RUBY_CONST_ID_CACHE((ID), (str))) : \
      |                        ^~~~~~~~~~~~~~~~~~~~~~~~~~~~~~~~
/Library/Developer/CommandLineTools/SDKs/MacOSX.sdk/System/Library/Frameworks/Ruby.framework/Versions/2.6/usr/include/ruby-2.6.0/ruby/ruby.h:1811:5: note: expanded from macro 'RUBY_CONST_ID_CACHE'
 1811 |     {                                                   \
      |     ^
nokogiri.c:75:27: warning: '}' and ')' tokens terminating statement expression appear in different macro expansion contexts [-Wcompound-token-split-by-macro]
   75 |   rb_const_set(mNokogiri, rb_intern("LIBXSLT_LOADED_VERSION"), NOKOGIRI_STR_NEW2(xsltEngineVersion));
      |                           ^~~~~~~~~~~~~~~~~~~~~~~~~~~~~~~~~~~
/Library/Developer/CommandLineTools/SDKs/MacOSX.sdk/System/Library/Frameworks/Ruby.framework/Versions/2.6/usr/include/ruby-2.6.0/ruby/ruby.h:1826:24: note: expanded from macro 'rb_intern'
 1826 |         __extension__ (RUBY_CONST_ID_CACHE((ID), (str))) : \
      |                        ^~~~~~~~~~~~~~~~~~~~~~~~~~~~~~~~
/Library/Developer/CommandLineTools/SDKs/MacOSX.sdk/System/Library/Frameworks/Ruby.framework/Versions/2.6/usr/include/ruby-2.6.0/ruby/ruby.h:1816:5: note: expanded from macro 'RUBY_CONST_ID_CACHE'
 1816 |     }
      |     ^
nokogiri.c:75:27: note: ')' token is here
   75 |   rb_const_set(mNokogiri, rb_intern("LIBXSLT_LOADED_VERSION"), NOKOGIRI_STR_NEW2(xsltEngineVersion));
      |                           ^~~~~~~~~~~~~~~~~~~~~~~~~~~~~~~~~~~
/Library/Developer/CommandLineTools/SDKs/MacOSX.sdk/System/Library/Frameworks/Ruby.framework/Versions/2.6/usr/include/ruby-2.6.0/ruby/ruby.h:1826:56: note: expanded from macro 'rb_intern'
 1826 |         __extension__ (RUBY_CONST_ID_CACHE((ID), (str))) : \
      |                                                        ^
nokogiri.c:78:27: warning: '(' and '{' tokens introducing statement expression appear in different macro expansion contexts [-Wcompound-token-split-by-macro]
   78 |   rb_const_set(mNokogiri, rb_intern("PACKAGED_LIBRARIES"), Qtrue);
      |                           ^~~~~~~~~~~~~~~~~~~~~~~~~~~~~~~
/Library/Developer/CommandLineTools/SDKs/MacOSX.sdk/System/Library/Frameworks/Ruby.framework/Versions/2.6/usr/include/ruby-2.6.0/ruby/ruby.h:1826:23: note: expanded from macro 'rb_intern'
 1826 |         __extension__ (RUBY_CONST_ID_CACHE((ID), (str))) : \
      |                       ^
nokogiri.c:78:27: note: '{' token is here
   78 |   rb_const_set(mNokogiri, rb_intern("PACKAGED_LIBRARIES"), Qtrue);
      |                           ^~~~~~~~~~~~~~~~~~~~~~~~~~~~~~~
/Library/Developer/CommandLineTools/SDKs/MacOSX.sdk/System/Library/Frameworks/Ruby.framework/Versions/2.6/usr/include/ruby-2.6.0/ruby/ruby.h:1826:24: note: expanded from macro 'rb_intern'
 1826 |         __extension__ (RUBY_CONST_ID_CACHE((ID), (str))) : \
      |                        ^~~~~~~~~~~~~~~~~~~~~~~~~~~~~~~~
/Library/Developer/CommandLineTools/SDKs/MacOSX.sdk/System/Library/Frameworks/Ruby.framework/Versions/2.6/usr/include/ruby-2.6.0/ruby/ruby.h:1811:5: note: expanded from macro 'RUBY_CONST_ID_CACHE'
 1811 |     {                                                   \
      |     ^
nokogiri.c:78:27: warning: '}' and ')' tokens terminating statement expression appear in different macro expansion contexts [-Wcompound-token-split-by-macro]
   78 |   rb_const_set(mNokogiri, rb_intern("PACKAGED_LIBRARIES"), Qtrue);
      |                           ^~~~~~~~~~~~~~~~~~~~~~~~~~~~~~~
/Library/Developer/CommandLineTools/SDKs/MacOSX.sdk/System/Library/Frameworks/Ruby.framework/Versions/2.6/usr/include/ruby-2.6.0/ruby/ruby.h:1826:24: note: expanded from macro 'rb_intern'
 1826 |         __extension__ (RUBY_CONST_ID_CACHE((ID), (str))) : \
      |                        ^~~~~~~~~~~~~~~~~~~~~~~~~~~~~~~~
/Library/Developer/CommandLineTools/SDKs/MacOSX.sdk/System/Library/Frameworks/Ruby.framework/Versions/2.6/usr/include/ruby-2.6.0/ruby/ruby.h:1816:5: note: expanded from macro 'RUBY_CONST_ID_CACHE'
 1816 |     }
      |     ^
nokogiri.c:78:27: note: ')' token is here
   78 |   rb_const_set(mNokogiri, rb_intern("PACKAGED_LIBRARIES"), Qtrue);
      |                           ^~~~~~~~~~~~~~~~~~~~~~~~~~~~~~~
/Library/Developer/CommandLineTools/SDKs/MacOSX.sdk/System/Library/Frameworks/Ruby.framework/Versions/2.6/usr/include/ruby-2.6.0/ruby/ruby.h:1826:56: note: expanded from macro 'rb_intern'
 1826 |         __extension__ (RUBY_CONST_ID_CACHE((ID), (str))) : \
      |                                                        ^
nokogiri.c:82:27: warning: '(' and '{' tokens introducing statement expression appear in different macro expansion contexts [-Wcompound-token-split-by-macro]
   82 |   rb_const_set(mNokogiri, rb_intern("PRECOMPILED_LIBRARIES"), Qfalse);
      |                           ^~~~~~~~~~~~~~~~~~~~~~~~~~~~~~~~~~
/Library/Developer/CommandLineTools/SDKs/MacOSX.sdk/System/Library/Frameworks/Ruby.framework/Versions/2.6/usr/include/ruby-2.6.0/ruby/ruby.h:1826:23: note: expanded from macro 'rb_intern'
 1826 |         __extension__ (RUBY_CONST_ID_CACHE((ID), (str))) : \
      |                       ^
nokogiri.c:82:27: note: '{' token is here
   82 |   rb_const_set(mNokogiri, rb_intern("PRECOMPILED_LIBRARIES"), Qfalse);
      |                           ^~~~~~~~~~~~~~~~~~~~~~~~~~~~~~~~~~
/Library/Developer/CommandLineTools/SDKs/MacOSX.sdk/System/Library/Frameworks/Ruby.framework/Versions/2.6/usr/include/ruby-2.6.0/ruby/ruby.h:1826:24: note: expanded from macro 'rb_intern'
 1826 |         __extension__ (RUBY_CONST_ID_CACHE((ID), (str))) : \
      |                        ^~~~~~~~~~~~~~~~~~~~~~~~~~~~~~~~
/Library/Developer/CommandLineTools/SDKs/MacOSX.sdk/System/Library/Frameworks/Ruby.framework/Versions/2.6/usr/include/ruby-2.6.0/ruby/ruby.h:1811:5: note: expanded from macro 'RUBY_CONST_ID_CACHE'
 1811 |     {                                                   \
      |     ^
nokogiri.c:82:27: warning: '}' and ')' tokens terminating statement expression appear in different macro expansion contexts [-Wcompound-token-split-by-macro]
   82 |   rb_const_set(mNokogiri, rb_intern("PRECOMPILED_LIBRARIES"), Qfalse);
      |                           ^~~~~~~~~~~~~~~~~~~~~~~~~~~~~~~~~~
/Library/Developer/CommandLineTools/SDKs/MacOSX.sdk/System/Library/Frameworks/Ruby.framework/Versions/2.6/usr/include/ruby-2.6.0/ruby/ruby.h:1826:24: note: expanded from macro 'rb_intern'
 1826 |         __extension__ (RUBY_CONST_ID_CACHE((ID), (str))) : \
      |                        ^~~~~~~~~~~~~~~~~~~~~~~~~~~~~~~~
/Library/Developer/CommandLineTools/SDKs/MacOSX.sdk/System/Library/Frameworks/Ruby.framework/Versions/2.6/usr/include/ruby-2.6.0/ruby/ruby.h:1816:5: note: expanded from macro 'RUBY_CONST_ID_CACHE'
 1816 |     }
      |     ^
nokogiri.c:82:27: note: ')' token is here
   82 |   rb_const_set(mNokogiri, rb_intern("PRECOMPILED_LIBRARIES"), Qfalse);
      |                           ^~~~~~~~~~~~~~~~~~~~~~~~~~~~~~~~~~
/Library/Developer/CommandLineTools/SDKs/MacOSX.sdk/System/Library/Frameworks/Ruby.framework/Versions/2.6/usr/include/ruby-2.6.0/ruby/ruby.h:1826:56: note: expanded from macro 'rb_intern'
 1826 |         __extension__ (RUBY_CONST_ID_CACHE((ID), (str))) : \
      |                                                        ^
nokogiri.c:84:27: warning: '(' and '{' tokens introducing statement expression appear in different macro expansion contexts [-Wcompound-token-split-by-macro]
   84 |   rb_const_set(mNokogiri, rb_intern("LIBXML2_PATCHES"), rb_str_split(NOKOGIRI_STR_NEW2(NOKOGIRI_LIBXML2_PATCHES), " "));
      |                           ^~~~~~~~~~~~~~~~~~~~~~~~~~~~
/Library/Developer/CommandLineTools/SDKs/MacOSX.sdk/System/Library/Frameworks/Ruby.framework/Versions/2.6/usr/include/ruby-2.6.0/ruby/ruby.h:1826:23: note: expanded from macro 'rb_intern'
 1826 |         __extension__ (RUBY_CONST_ID_CACHE((ID), (str))) : \
      |                       ^
nokogiri.c:84:27: note: '{' token is here
   84 |   rb_const_set(mNokogiri, rb_intern("LIBXML2_PATCHES"), rb_str_split(NOKOGIRI_STR_NEW2(NOKOGIRI_LIBXML2_PATCHES), " "));
      |                           ^~~~~~~~~~~~~~~~~~~~~~~~~~~~
/Library/Developer/CommandLineTools/SDKs/MacOSX.sdk/System/Library/Frameworks/Ruby.framework/Versions/2.6/usr/include/ruby-2.6.0/ruby/ruby.h:1826:24: note: expanded from macro 'rb_intern'
 1826 |         __extension__ (RUBY_CONST_ID_CACHE((ID), (str))) : \
      |                        ^~~~~~~~~~~~~~~~~~~~~~~~~~~~~~~~
/Library/Developer/CommandLineTools/SDKs/MacOSX.sdk/System/Library/Frameworks/Ruby.framework/Versions/2.6/usr/include/ruby-2.6.0/ruby/ruby.h:1811:5: note: expanded from macro 'RUBY_CONST_ID_CACHE'
 1811 |     {                                                   \
      |     ^
nokogiri.c:84:27: warning: '}' and ')' tokens terminating statement expression appear in different macro expansion contexts [-Wcompound-token-split-by-macro]
   84 |   rb_const_set(mNokogiri, rb_intern("LIBXML2_PATCHES"), rb_str_split(NOKOGIRI_STR_NEW2(NOKOGIRI_LIBXML2_PATCHES), " "));
      |                           ^~~~~~~~~~~~~~~~~~~~~~~~~~~~
/Library/Developer/CommandLineTools/SDKs/MacOSX.sdk/System/Library/Frameworks/Ruby.framework/Versions/2.6/usr/include/ruby-2.6.0/ruby/ruby.h:1826:24: note: expanded from macro 'rb_intern'
 1826 |         __extension__ (RUBY_CONST_ID_CACHE((ID), (str))) : \
      |                        ^~~~~~~~~~~~~~~~~~~~~~~~~~~~~~~~
/Library/Developer/CommandLineTools/SDKs/MacOSX.sdk/System/Library/Frameworks/Ruby.framework/Versions/2.6/usr/include/ruby-2.6.0/ruby/ruby.h:1816:5: note: expanded from macro 'RUBY_CONST_ID_CACHE'
 1816 |     }
      |     ^
nokogiri.c:84:27: note: ')' token is here
   84 |   rb_const_set(mNokogiri, rb_intern("LIBXML2_PATCHES"), rb_str_split(NOKOGIRI_STR_NEW2(NOKOGIRI_LIBXML2_PATCHES), " "));
      |                           ^~~~~~~~~~~~~~~~~~~~~~~~~~~~
/Library/Developer/CommandLineTools/SDKs/MacOSX.sdk/System/Library/Frameworks/Ruby.framework/Versions/2.6/usr/include/ruby-2.6.0/ruby/ruby.h:1826:56: note: expanded from macro 'rb_intern'
 1826 |         __extension__ (RUBY_CONST_ID_CACHE((ID), (str))) : \
      |                                                        ^
nokogiri.c:85:27: warning: '(' and '{' tokens introducing statement expression appear in different macro expansion contexts [-Wcompound-token-split-by-macro]
   85 |   rb_const_set(mNokogiri, rb_intern("LIBXSLT_PATCHES"), rb_str_split(NOKOGIRI_STR_NEW2(NOKOGIRI_LIBXSLT_PATCHES), " "));
      |                           ^~~~~~~~~~~~~~~~~~~~~~~~~~~~
/Library/Developer/CommandLineTools/SDKs/MacOSX.sdk/System/Library/Frameworks/Ruby.framework/Versions/2.6/usr/include/ruby-2.6.0/ruby/ruby.h:1826:23: note: expanded from macro 'rb_intern'
 1826 |         __extension__ (RUBY_CONST_ID_CACHE((ID), (str))) : \
      |                       ^
nokogiri.c:85:27: note: '{' token is here
   85 |   rb_const_set(mNokogiri, rb_intern("LIBXSLT_PATCHES"), rb_str_split(NOKOGIRI_STR_NEW2(NOKOGIRI_LIBXSLT_PATCHES), " "));
      |                           ^~~~~~~~~~~~~~~~~~~~~~~~~~~~
/Library/Developer/CommandLineTools/SDKs/MacOSX.sdk/System/Library/Frameworks/Ruby.framework/Versions/2.6/usr/include/ruby-2.6.0/ruby/ruby.h:1826:24: note: expanded from macro 'rb_intern'
 1826 |         __extension__ (RUBY_CONST_ID_CACHE((ID), (str))) : \
      |                        ^~~~~~~~~~~~~~~~~~~~~~~~~~~~~~~~
/Library/Developer/CommandLineTools/SDKs/MacOSX.sdk/System/Library/Frameworks/Ruby.framework/Versions/2.6/usr/include/ruby-2.6.0/ruby/ruby.h:1811:5: note: expanded from macro 'RUBY_CONST_ID_CACHE'
 1811 |     {                                                   \
      |     ^
nokogiri.c:85:27: warning: '}' and ')' tokens terminating statement expression appear in different macro expansion contexts [-Wcompound-token-split-by-macro]
   85 |   rb_const_set(mNokogiri, rb_intern("LIBXSLT_PATCHES"), rb_str_split(NOKOGIRI_STR_NEW2(NOKOGIRI_LIBXSLT_PATCHES), " "));
      |                           ^~~~~~~~~~~~~~~~~~~~~~~~~~~~
/Library/Developer/CommandLineTools/SDKs/MacOSX.sdk/System/Library/Frameworks/Ruby.framework/Versions/2.6/usr/include/ruby-2.6.0/ruby/ruby.h:1826:24: note: expanded from macro 'rb_intern'
 1826 |         __extension__ (RUBY_CONST_ID_CACHE((ID), (str))) : \
      |                        ^~~~~~~~~~~~~~~~~~~~~~~~~~~~~~~~
/Library/Developer/CommandLineTools/SDKs/MacOSX.sdk/System/Library/Frameworks/Ruby.framework/Versions/2.6/usr/include/ruby-2.6.0/ruby/ruby.h:1816:5: note: expanded from macro 'RUBY_CONST_ID_CACHE'
 1816 |     }
      |     ^
nokogiri.c:85:27: note: ')' token is here
   85 |   rb_const_set(mNokogiri, rb_intern("LIBXSLT_PATCHES"), rb_str_split(NOKOGIRI_STR_NEW2(NOKOGIRI_LIBXSLT_PATCHES), " "));
      |                           ^~~~~~~~~~~~~~~~~~~~~~~~~~~~
/Library/Developer/CommandLineTools/SDKs/MacOSX.sdk/System/Library/Frameworks/Ruby.framework/Versions/2.6/usr/include/ruby-2.6.0/ruby/ruby.h:1826:56: note: expanded from macro 'rb_intern'
 1826 |         __extension__ (RUBY_CONST_ID_CACHE((ID), (str))) : \
      |                                                        ^
nokogiri.c:94:27: warning: '(' and '{' tokens introducing statement expression appear in different macro expansion contexts [-Wcompound-token-split-by-macro]
   94 |   rb_const_set(mNokogiri, rb_intern("LIBXML_ICONV_ENABLED"), Qtrue);
      |                           ^~~~~~~~~~~~~~~~~~~~~~~~~~~~~~~~~
/Library/Developer/CommandLineTools/SDKs/MacOSX.sdk/System/Library/Frameworks/Ruby.framework/Versions/2.6/usr/include/ruby-2.6.0/ruby/ruby.h:1826:23: note: expanded from macro 'rb_intern'
 1826 |         __extension__ (RUBY_CONST_ID_CACHE((ID), (str))) : \
      |                       ^
nokogiri.c:94:27: note: '{' token is here
   94 |   rb_const_set(mNokogiri, rb_intern("LIBXML_ICONV_ENABLED"), Qtrue);
      |                           ^~~~~~~~~~~~~~~~~~~~~~~~~~~~~~~~~
/Library/Developer/CommandLineTools/SDKs/MacOSX.sdk/System/Library/Frameworks/Ruby.framework/Versions/2.6/usr/include/ruby-2.6.0/ruby/ruby.h:1826:24: note: expanded from macro 'rb_intern'
 1826 |         __extension__ (RUBY_CONST_ID_CACHE((ID), (str))) : \
      |                        ^~~~~~~~~~~~~~~~~~~~~~~~~~~~~~~~
/Library/Developer/CommandLineTools/SDKs/MacOSX.sdk/System/Library/Frameworks/Ruby.framework/Versions/2.6/usr/include/ruby-2.6.0/ruby/ruby.h:1811:5: note: expanded from macro 'RUBY_CONST_ID_CACHE'
 1811 |     {                                                   \
      |     ^
nokogiri.c:94:27: warning: '}' and ')' tokens terminating statement expression appear in different macro expansion contexts [-Wcompound-token-split-by-macro]
   94 |   rb_const_set(mNokogiri, rb_intern("LIBXML_ICONV_ENABLED"), Qtrue);
      |                           ^~~~~~~~~~~~~~~~~~~~~~~~~~~~~~~~~
/Library/Developer/CommandLineTools/SDKs/MacOSX.sdk/System/Library/Frameworks/Ruby.framework/Versions/2.6/usr/include/ruby-2.6.0/ruby/ruby.h:1826:24: note: expanded from macro 'rb_intern'
 1826 |         __extension__ (RUBY_CONST_ID_CACHE((ID), (str))) : \
      |                        ^~~~~~~~~~~~~~~~~~~~~~~~~~~~~~~~
/Library/Developer/CommandLineTools/SDKs/MacOSX.sdk/System/Library/Frameworks/Ruby.framework/Versions/2.6/usr/include/ruby-2.6.0/ruby/ruby.h:1816:5: note: expanded from macro 'RUBY_CONST_ID_CACHE'
 1816 |     }
      |     ^
nokogiri.c:94:27: note: ')' token is here
   94 |   rb_const_set(mNokogiri, rb_intern("LIBXML_ICONV_ENABLED"), Qtrue);
      |                           ^~~~~~~~~~~~~~~~~~~~~~~~~~~~~~~~~
/Library/Developer/CommandLineTools/SDKs/MacOSX.sdk/System/Library/Frameworks/Ruby.framework/Versions/2.6/usr/include/ruby-2.6.0/ruby/ruby.h:1826:56: note: expanded from macro 'rb_intern'
 1826 |         __extension__ (RUBY_CONST_ID_CACHE((ID), (str))) : \
      |                                                        ^
nokogiri.c:100:27: warning: '(' and '{' tokens introducing statement expression appear in different macro expansion contexts [-Wcompound-token-split-by-macro]
  100 |   rb_const_set(mNokogiri, rb_intern("OTHER_LIBRARY_VERSIONS"), NOKOGIRI_STR_NEW2(NOKOGIRI_OTHER_LIBRARY_VERSIONS));
      |                           ^~~~~~~~~~~~~~~~~~~~~~~~~~~~~~~~~~~
/Library/Developer/CommandLineTools/SDKs/MacOSX.sdk/System/Library/Frameworks/Ruby.framework/Versions/2.6/usr/include/ruby-2.6.0/ruby/ruby.h:1826:23: note: expanded from macro 'rb_intern'
 1826 |         __extension__ (RUBY_CONST_ID_CACHE((ID), (str))) : \
      |                       ^
nokogiri.c:100:27: note: '{' token is here
  100 |   rb_const_set(mNokogiri, rb_intern("OTHER_LIBRARY_VERSIONS"), NOKOGIRI_STR_NEW2(NOKOGIRI_OTHER_LIBRARY_VERSIONS));
      |                           ^~~~~~~~~~~~~~~~~~~~~~~~~~~~~~~~~~~
/Library/Developer/CommandLineTools/SDKs/MacOSX.sdk/System/Library/Frameworks/Ruby.framework/Versions/2.6/usr/include/ruby-2.6.0/ruby/ruby.h:1826:24: note: expanded from macro 'rb_intern'
 1826 |         __extension__ (RUBY_CONST_ID_CACHE((ID), (str))) : \
      |                        ^~~~~~~~~~~~~~~~~~~~~~~~~~~~~~~~
/Library/Developer/CommandLineTools/SDKs/MacOSX.sdk/System/Library/Frameworks/Ruby.framework/Versions/2.6/usr/include/ruby-2.6.0/ruby/ruby.h:1811:5: note: expanded from macro 'RUBY_CONST_ID_CACHE'
 1811 |     {                                                   \
      |     ^
nokogiri.c:100:27: warning: '}' and ')' tokens terminating statement expression appear in different macro expansion contexts [-Wcompound-token-split-by-macro]
  100 |   rb_const_set(mNokogiri, rb_intern("OTHER_LIBRARY_VERSIONS"), NOKOGIRI_STR_NEW2(NOKOGIRI_OTHER_LIBRARY_VERSIONS));
      |                           ^~~~~~~~~~~~~~~~~~~~~~~~~~~~~~~~~~~
/Library/Developer/CommandLineTools/SDKs/MacOSX.sdk/System/Library/Frameworks/Ruby.framework/Versions/2.6/usr/include/ruby-2.6.0/ruby/ruby.h:1826:24: note: expanded from macro 'rb_intern'
 1826 |         __extension__ (RUBY_CONST_ID_CACHE((ID), (str))) : \
      |                        ^~~~~~~~~~~~~~~~~~~~~~~~~~~~~~~~
/Library/Developer/CommandLineTools/SDKs/MacOSX.sdk/System/Library/Frameworks/Ruby.framework/Versions/2.6/usr/include/ruby-2.6.0/ruby/ruby.h:1816:5: note: expanded from macro 'RUBY_CONST_ID_CACHE'
 1816 |     }
      |     ^
nokogiri.c:100:27: note: ')' token is here
  100 |   rb_const_set(mNokogiri, rb_intern("OTHER_LIBRARY_VERSIONS"), NOKOGIRI_STR_NEW2(NOKOGIRI_OTHER_LIBRARY_VERSIONS));
      |                           ^~~~~~~~~~~~~~~~~~~~~~~~~~~~~~~~~~~
/Library/Developer/CommandLineTools/SDKs/MacOSX.sdk/System/Library/Frameworks/Ruby.framework/Versions/2.6/usr/include/ruby-2.6.0/ruby/ruby.h:1826:56: note: expanded from macro 'rb_intern'
 1826 |         __extension__ (RUBY_CONST_ID_CACHE((ID), (str))) : \
      |                                                        ^
20 warnings generated.
compiling test_global_handlers.c
test_global_handlers.c:8:43: warning: '(' and '{' tokens introducing statement expression appear in different macro expansion contexts [-Wcompound-token-split-by-macro]
    8 |   rb_funcall(foreign_error_handler_block, rb_intern("call"), 0);
      |                                           ^~~~~~~~~~~~~~~~~
/Library/Developer/CommandLineTools/SDKs/MacOSX.sdk/System/Library/Frameworks/Ruby.framework/Versions/2.6/usr/include/ruby-2.6.0/ruby/ruby.h:1826:23: note: expanded from macro 'rb_intern'
 1826 |         __extension__ (RUBY_CONST_ID_CACHE((ID), (str))) : \
      |                       ^
/Library/Developer/CommandLineTools/SDKs/MacOSX.sdk/System/Library/Frameworks/Ruby.framework/Versions/2.6/usr/include/ruby-2.6.0/ruby/ruby.h:2602:20: note: expanded from macro 'rb_funcall'
 2602 |         rb_funcallv(recv, mid, \
      |                           ^~~
test_global_handlers.c:8:43: note: '{' token is here
    8 |   rb_funcall(foreign_error_handler_block, rb_intern("call"), 0);
      |                                           ^~~~~~~~~~~~~~~~~
/Library/Developer/CommandLineTools/SDKs/MacOSX.sdk/System/Library/Frameworks/Ruby.framework/Versions/2.6/usr/include/ruby-2.6.0/ruby/ruby.h:1826:24: note: expanded from macro 'rb_intern'
 1826 |         __extension__ (RUBY_CONST_ID_CACHE((ID), (str))) : \
      |                        ^~~~~~~~~~~~~~~~~~~~~~~~~~~~~~~~
/Library/Developer/CommandLineTools/SDKs/MacOSX.sdk/System/Library/Frameworks/Ruby.framework/Versions/2.6/usr/include/ruby-2.6.0/ruby/ruby.h:1811:5: note: expanded from macro 'RUBY_CONST_ID_CACHE'
 1811 |     {                                                   \
      |     ^
/Library/Developer/CommandLineTools/SDKs/MacOSX.sdk/System/Library/Frameworks/Ruby.framework/Versions/2.6/usr/include/ruby-2.6.0/ruby/ruby.h:2602:20: note: expanded from macro 'rb_funcall'
 2602 |         rb_funcallv(recv, mid, \
      |                           ^~~
test_global_handlers.c:8:43: warning: '}' and ')' tokens terminating statement expression appear in different macro expansion contexts [-Wcompound-token-split-by-macro]
    8 |   rb_funcall(foreign_error_handler_block, rb_intern("call"), 0);
      |                                           ^~~~~~~~~~~~~~~~~
/Library/Developer/CommandLineTools/SDKs/MacOSX.sdk/System/Library/Frameworks/Ruby.framework/Versions/2.6/usr/include/ruby-2.6.0/ruby/ruby.h:1826:24: note: expanded from macro 'rb_intern'
 1826 |         __extension__ (RUBY_CONST_ID_CACHE((ID), (str))) : \
      |                        ^~~~~~~~~~~~~~~~~~~~~~~~~~~~~~~~
/Library/Developer/CommandLineTools/SDKs/MacOSX.sdk/System/Library/Frameworks/Ruby.framework/Versions/2.6/usr/include/ruby-2.6.0/ruby/ruby.h:1816:5: note: expanded from macro 'RUBY_CONST_ID_CACHE'
 1816 |     }
      |     ^
/Library/Developer/CommandLineTools/SDKs/MacOSX.sdk/System/Library/Frameworks/Ruby.framework/Versions/2.6/usr/include/ruby-2.6.0/ruby/ruby.h:2602:20: note: expanded from macro 'rb_funcall'
 2602 |         rb_funcallv(recv, mid, \
      |                           ^~~
test_global_handlers.c:8:43: note: ')' token is here
    8 |   rb_funcall(foreign_error_handler_block, rb_intern("call"), 0);
      |                                           ^~~~~~~~~~~~~~~~~
/Library/Developer/CommandLineTools/SDKs/MacOSX.sdk/System/Library/Frameworks/Ruby.framework/Versions/2.6/usr/include/ruby-2.6.0/ruby/ruby.h:1826:56: note: expanded from macro 'rb_intern'
 1826 |         __extension__ (RUBY_CONST_ID_CACHE((ID), (str))) : \
      |                                                        ^
/Library/Developer/CommandLineTools/SDKs/MacOSX.sdk/System/Library/Frameworks/Ruby.framework/Versions/2.6/usr/include/ruby-2.6.0/ruby/ruby.h:2602:20: note: expanded from macro 'rb_funcall'
 2602 |         rb_funcallv(recv, mid, \
      |                           ^~~
2 warnings generated.
compiling xml_attr.c
compiling xml_attribute_decl.c
compiling xml_cdata.c
compiling xml_comment.c
xml_comment.c:68:17: warning: '(' and '{' tokens introducing statement expression appear in different macro expansion contexts [-Wcompound-token-split-by-macro]
   68 |   document_id = rb_intern("document");
      |                 ^~~~~~~~~~~~~~~~~~~~~
/Library/Developer/CommandLineTools/SDKs/MacOSX.sdk/System/Library/Frameworks/Ruby.framework/Versions/2.6/usr/include/ruby-2.6.0/ruby/ruby.h:1826:23: note: expanded from macro 'rb_intern'
 1826 |         __extension__ (RUBY_CONST_ID_CACHE((ID), (str))) : \
      |                       ^
xml_comment.c:68:17: note: '{' token is here
   68 |   document_id = rb_intern("document");
      |                 ^~~~~~~~~~~~~~~~~~~~~
/Library/Developer/CommandLineTools/SDKs/MacOSX.sdk/System/Library/Frameworks/Ruby.framework/Versions/2.6/usr/include/ruby-2.6.0/ruby/ruby.h:1826:24: note: expanded from macro 'rb_intern'
 1826 |         __extension__ (RUBY_CONST_ID_CACHE((ID), (str))) : \
      |                        ^~~~~~~~~~~~~~~~~~~~~~~~~~~~~~~~
/Library/Developer/CommandLineTools/SDKs/MacOSX.sdk/System/Library/Frameworks/Ruby.framework/Versions/2.6/usr/include/ruby-2.6.0/ruby/ruby.h:1811:5: note: expanded from macro 'RUBY_CONST_ID_CACHE'
 1811 |     {                                                   \
      |     ^
xml_comment.c:68:17: warning: '}' and ')' tokens terminating statement expression appear in different macro expansion contexts [-Wcompound-token-split-by-macro]
   68 |   document_id = rb_intern("document");
      |                 ^~~~~~~~~~~~~~~~~~~~~
/Library/Developer/CommandLineTools/SDKs/MacOSX.sdk/System/Library/Frameworks/Ruby.framework/Versions/2.6/usr/include/ruby-2.6.0/ruby/ruby.h:1826:24: note: expanded from macro 'rb_intern'
 1826 |         __extension__ (RUBY_CONST_ID_CACHE((ID), (str))) : \
      |                        ^~~~~~~~~~~~~~~~~~~~~~~~~~~~~~~~
/Library/Developer/CommandLineTools/SDKs/MacOSX.sdk/System/Library/Frameworks/Ruby.framework/Versions/2.6/usr/include/ruby-2.6.0/ruby/ruby.h:1816:5: note: expanded from macro 'RUBY_CONST_ID_CACHE'
 1816 |     }
      |     ^
xml_comment.c:68:17: note: ')' token is here
   68 |   document_id = rb_intern("document");
      |                 ^~~~~~~~~~~~~~~~~~~~~
/Library/Developer/CommandLineTools/SDKs/MacOSX.sdk/System/Library/Frameworks/Ruby.framework/Versions/2.6/usr/include/ruby-2.6.0/ruby/ruby.h:1826:56: note: expanded from macro 'rb_intern'
 1826 |         __extension__ (RUBY_CONST_ID_CACHE((ID), (str))) : \
      |                                                        ^
2 warnings generated.
compiling xml_document.c
xml_document.c:492:27: warning: '(' and '{' tokens introducing statement expression appear in different macro expansion contexts [-Wcompound-token-split-by-macro]
  492 |   ret = rb_funcall(block, rb_intern("call"), 2, node, parent);
      |                           ^~~~~~~~~~~~~~~~~
/Library/Developer/CommandLineTools/SDKs/MacOSX.sdk/System/Library/Frameworks/Ruby.framework/Versions/2.6/usr/include/ruby-2.6.0/ruby/ruby.h:1826:23: note: expanded from macro 'rb_intern'
 1826 |         __extension__ (RUBY_CONST_ID_CACHE((ID), (str))) : \
      |                       ^
/Library/Developer/CommandLineTools/SDKs/MacOSX.sdk/System/Library/Frameworks/Ruby.framework/Versions/2.6/usr/include/ruby-2.6.0/ruby/ruby.h:2602:20: note: expanded from macro 'rb_funcall'
 2602 |         rb_funcallv(recv, mid, \
      |                           ^~~
xml_document.c:492:27: note: '{' token is here
  492 |   ret = rb_funcall(block, rb_intern("call"), 2, node, parent);
      |                           ^~~~~~~~~~~~~~~~~
/Library/Developer/CommandLineTools/SDKs/MacOSX.sdk/System/Library/Frameworks/Ruby.framework/Versions/2.6/usr/include/ruby-2.6.0/ruby/ruby.h:1826:24: note: expanded from macro 'rb_intern'
 1826 |         __extension__ (RUBY_CONST_ID_CACHE((ID), (str))) : \
      |                        ^~~~~~~~~~~~~~~~~~~~~~~~~~~~~~~~
/Library/Developer/CommandLineTools/SDKs/MacOSX.sdk/System/Library/Frameworks/Ruby.framework/Versions/2.6/usr/include/ruby-2.6.0/ruby/ruby.h:1811:5: note: expanded from macro 'RUBY_CONST_ID_CACHE'
 1811 |     {                                                   \
      |     ^
/Library/Developer/CommandLineTools/SDKs/MacOSX.sdk/System/Library/Frameworks/Ruby.framework/Versions/2.6/usr/include/ruby-2.6.0/ruby/ruby.h:2602:20: note: expanded from macro 'rb_funcall'
 2602 |         rb_funcallv(recv, mid, \
      |                           ^~~
xml_document.c:492:27: warning: '}' and ')' tokens terminating statement expression appear in different macro expansion contexts [-Wcompound-token-split-by-macro]
  492 |   ret = rb_funcall(block, rb_intern("call"), 2, node, parent);
      |                           ^~~~~~~~~~~~~~~~~
/Library/Developer/CommandLineTools/SDKs/MacOSX.sdk/System/Library/Frameworks/Ruby.framework/Versions/2.6/usr/include/ruby-2.6.0/ruby/ruby.h:1826:24: note: expanded from macro 'rb_intern'
 1826 |         __extension__ (RUBY_CONST_ID_CACHE((ID), (str))) : \
      |                        ^~~~~~~~~~~~~~~~~~~~~~~~~~~~~~~~
/Library/Developer/CommandLineTools/SDKs/MacOSX.sdk/System/Library/Frameworks/Ruby.framework/Versions/2.6/usr/include/ruby-2.6.0/ruby/ruby.h:1816:5: note: expanded from macro 'RUBY_CONST_ID_CACHE'
 1816 |     }
      |     ^
/Library/Developer/CommandLineTools/SDKs/MacOSX.sdk/System/Library/Frameworks/Ruby.framework/Versions/2.6/usr/include/ruby-2.6.0/ruby/ruby.h:2602:20: note: expanded from macro 'rb_funcall'
 2602 |         rb_funcallv(recv, mid, \
      |                           ^~~
xml_document.c:492:27: note: ')' token is here
  492 |   ret = rb_funcall(block, rb_intern("call"), 2, node, parent);
      |                           ^~~~~~~~~~~~~~~~~
/Library/Developer/CommandLineTools/SDKs/MacOSX.sdk/System/Library/Frameworks/Ruby.framework/Versions/2.6/usr/include/ruby-2.6.0/ruby/ruby.h:1826:56: note: expanded from macro 'rb_intern'
 1826 |         __extension__ (RUBY_CONST_ID_CACHE((ID), (str))) : \
      |                                                        ^
/Library/Developer/CommandLineTools/SDKs/MacOSX.sdk/System/Library/Frameworks/Ruby.framework/Versions/2.6/usr/include/ruby-2.6.0/ruby/ruby.h:2602:20: note: expanded from macro 'rb_funcall'
 2602 |         rb_funcallv(recv, mid, \
      |                           ^~~
xml_document.c:529:46: warning: '(' and '{' tokens introducing statement expression appear in different macro expansion contexts [-Wcompound-token-split-by-macro]
  529 |   rb_cStringIO = rb_const_get_at(rb_cObject, rb_intern("StringIO"));
      |                                              ^~~~~~~~~~~~~~~~~~~~~
/Library/Developer/CommandLineTools/SDKs/MacOSX.sdk/System/Library/Frameworks/Ruby.framework/Versions/2.6/usr/include/ruby-2.6.0/ruby/ruby.h:1826:23: note: expanded from macro 'rb_intern'
 1826 |         __extension__ (RUBY_CONST_ID_CACHE((ID), (str))) : \
      |                       ^
xml_document.c:529:46: note: '{' token is here
  529 |   rb_cStringIO = rb_const_get_at(rb_cObject, rb_intern("StringIO"));
      |                                              ^~~~~~~~~~~~~~~~~~~~~
/Library/Developer/CommandLineTools/SDKs/MacOSX.sdk/System/Library/Frameworks/Ruby.framework/Versions/2.6/usr/include/ruby-2.6.0/ruby/ruby.h:1826:24: note: expanded from macro 'rb_intern'
 1826 |         __extension__ (RUBY_CONST_ID_CACHE((ID), (str))) : \
      |                        ^~~~~~~~~~~~~~~~~~~~~~~~~~~~~~~~
/Library/Developer/CommandLineTools/SDKs/MacOSX.sdk/System/Library/Frameworks/Ruby.framework/Versions/2.6/usr/include/ruby-2.6.0/ruby/ruby.h:1811:5: note: expanded from macro 'RUBY_CONST_ID_CACHE'
 1811 |     {                                                   \
      |     ^
xml_document.c:529:46: warning: '}' and ')' tokens terminating statement expression appear in different macro expansion contexts [-Wcompound-token-split-by-macro]
  529 |   rb_cStringIO = rb_const_get_at(rb_cObject, rb_intern("StringIO"));
      |                                              ^~~~~~~~~~~~~~~~~~~~~
/Library/Developer/CommandLineTools/SDKs/MacOSX.sdk/System/Library/Frameworks/Ruby.framework/Versions/2.6/usr/include/ruby-2.6.0/ruby/ruby.h:1826:24: note: expanded from macro 'rb_intern'
 1826 |         __extension__ (RUBY_CONST_ID_CACHE((ID), (str))) : \
      |                        ^~~~~~~~~~~~~~~~~~~~~~~~~~~~~~~~
/Library/Developer/CommandLineTools/SDKs/MacOSX.sdk/System/Library/Frameworks/Ruby.framework/Versions/2.6/usr/include/ruby-2.6.0/ruby/ruby.h:1816:5: note: expanded from macro 'RUBY_CONST_ID_CACHE'
 1816 |     }
      |     ^
xml_document.c:529:46: note: ')' token is here
  529 |   rb_cStringIO = rb_const_get_at(rb_cObject, rb_intern("StringIO"));
      |                                              ^~~~~~~~~~~~~~~~~~~~~
/Library/Developer/CommandLineTools/SDKs/MacOSX.sdk/System/Library/Frameworks/Ruby.framework/Versions/2.6/usr/include/ruby-2.6.0/ruby/ruby.h:1826:56: note: expanded from macro 'rb_intern'
 1826 |         __extension__ (RUBY_CONST_ID_CACHE((ID), (str))) : \
      |                                                        ^
xml_document.c:564:25: warning: '(' and '{' tokens introducing statement expression appear in different macro expansion contexts [-Wcompound-token-split-by-macro]
  564 |   return rb_funcall(io, rb_intern("string"), 0);
      |                         ^~~~~~~~~~~~~~~~~~~
/Library/Developer/CommandLineTools/SDKs/MacOSX.sdk/System/Library/Frameworks/Ruby.framework/Versions/2.6/usr/include/ruby-2.6.0/ruby/ruby.h:1826:23: note: expanded from macro 'rb_intern'
 1826 |         __extension__ (RUBY_CONST_ID_CACHE((ID), (str))) : \
      |                       ^
/Library/Developer/CommandLineTools/SDKs/MacOSX.sdk/System/Library/Frameworks/Ruby.framework/Versions/2.6/usr/include/ruby-2.6.0/ruby/ruby.h:2602:20: note: expanded from macro 'rb_funcall'
 2602 |         rb_funcallv(recv, mid, \
      |                           ^~~
xml_document.c:564:25: note: '{' token is here
  564 |   return rb_funcall(io, rb_intern("string"), 0);
      |                         ^~~~~~~~~~~~~~~~~~~
/Library/Developer/CommandLineTools/SDKs/MacOSX.sdk/System/Library/Frameworks/Ruby.framework/Versions/2.6/usr/include/ruby-2.6.0/ruby/ruby.h:1826:24: note: expanded from macro 'rb_intern'
 1826 |         __extension__ (RUBY_CONST_ID_CACHE((ID), (str))) : \
      |                        ^~~~~~~~~~~~~~~~~~~~~~~~~~~~~~~~
/Library/Developer/CommandLineTools/SDKs/MacOSX.sdk/System/Library/Frameworks/Ruby.framework/Versions/2.6/usr/include/ruby-2.6.0/ruby/ruby.h:1811:5: note: expanded from macro 'RUBY_CONST_ID_CACHE'
 1811 |     {                                                   \
      |     ^
/Library/Developer/CommandLineTools/SDKs/MacOSX.sdk/System/Library/Frameworks/Ruby.framework/Versions/2.6/usr/include/ruby-2.6.0/ruby/ruby.h:2602:20: note: expanded from macro 'rb_funcall'
 2602 |         rb_funcallv(recv, mid, \
      |                           ^~~
xml_document.c:564:25: warning: '}' and ')' tokens terminating statement expression appear in different macro expansion contexts [-Wcompound-token-split-by-macro]
  564 |   return rb_funcall(io, rb_intern("string"), 0);
      |                         ^~~~~~~~~~~~~~~~~~~
/Library/Developer/CommandLineTools/SDKs/MacOSX.sdk/System/Library/Frameworks/Ruby.framework/Versions/2.6/usr/include/ruby-2.6.0/ruby/ruby.h:1826:24: note: expanded from macro 'rb_intern'
 1826 |         __extension__ (RUBY_CONST_ID_CACHE((ID), (str))) : \
      |                        ^~~~~~~~~~~~~~~~~~~~~~~~~~~~~~~~
/Library/Developer/CommandLineTools/SDKs/MacOSX.sdk/System/Library/Frameworks/Ruby.framework/Versions/2.6/usr/include/ruby-2.6.0/ruby/ruby.h:1816:5: note: expanded from macro 'RUBY_CONST_ID_CACHE'
 1816 |     }
      |     ^
/Library/Developer/CommandLineTools/SDKs/MacOSX.sdk/System/Library/Frameworks/Ruby.framework/Versions/2.6/usr/include/ruby-2.6.0/ruby/ruby.h:2602:20: note: expanded from macro 'rb_funcall'
 2602 |         rb_funcallv(recv, mid, \
      |                           ^~~
xml_document.c:564:25: note: ')' token is here
  564 |   return rb_funcall(io, rb_intern("string"), 0);
      |                         ^~~~~~~~~~~~~~~~~~~
/Library/Developer/CommandLineTools/SDKs/MacOSX.sdk/System/Library/Frameworks/Ruby.framework/Versions/2.6/usr/include/ruby-2.6.0/ruby/ruby.h:1826:56: note: expanded from macro 'rb_intern'
 1826 |         __extension__ (RUBY_CONST_ID_CACHE((ID), (str))) : \
      |                                                        ^
/Library/Developer/CommandLineTools/SDKs/MacOSX.sdk/System/Library/Frameworks/Ruby.framework/Versions/2.6/usr/include/ruby-2.6.0/ruby/ruby.h:2602:20: note: expanded from macro 'rb_funcall'
 2602 |         rb_funcallv(recv, mid, \
      |                           ^~~
6 warnings generated.
compiling xml_document_fragment.c
compiling xml_dtd.c
xml_dtd.c:6:44: warning: '(' and '{' tokens introducing statement expression appear in different macro expansion contexts [-Wcompound-token-split-by-macro]
    6 |   VALUE klass = rb_const_get(mNokogiriXml, rb_intern("Notation"));
      |                                            ^~~~~~~~~~~~~~~~~~~~~
/Library/Developer/CommandLineTools/SDKs/MacOSX.sdk/System/Library/Frameworks/Ruby.framework/Versions/2.6/usr/include/ruby-2.6.0/ruby/ruby.h:1826:23: note: expanded from macro 'rb_intern'
 1826 |         __extension__ (RUBY_CONST_ID_CACHE((ID), (str))) : \
      |                       ^
xml_dtd.c:6:44: note: '{' token is here
    6 |   VALUE klass = rb_const_get(mNokogiriXml, rb_intern("Notation"));
      |                                            ^~~~~~~~~~~~~~~~~~~~~
/Library/Developer/CommandLineTools/SDKs/MacOSX.sdk/System/Library/Frameworks/Ruby.framework/Versions/2.6/usr/include/ruby-2.6.0/ruby/ruby.h:1826:24: note: expanded from macro 'rb_intern'
 1826 |         __extension__ (RUBY_CONST_ID_CACHE((ID), (str))) : \
      |                        ^~~~~~~~~~~~~~~~~~~~~~~~~~~~~~~~
/Library/Developer/CommandLineTools/SDKs/MacOSX.sdk/System/Library/Frameworks/Ruby.framework/Versions/2.6/usr/include/ruby-2.6.0/ruby/ruby.h:1811:5: note: expanded from macro 'RUBY_CONST_ID_CACHE'
 1811 |     {                                                   \
      |     ^
xml_dtd.c:6:44: warning: '}' and ')' tokens terminating statement expression appear in different macro expansion contexts [-Wcompound-token-split-by-macro]
    6 |   VALUE klass = rb_const_get(mNokogiriXml, rb_intern("Notation"));
      |                                            ^~~~~~~~~~~~~~~~~~~~~
/Library/Developer/CommandLineTools/SDKs/MacOSX.sdk/System/Library/Frameworks/Ruby.framework/Versions/2.6/usr/include/ruby-2.6.0/ruby/ruby.h:1826:24: note: expanded from macro 'rb_intern'
 1826 |         __extension__ (RUBY_CONST_ID_CACHE((ID), (str))) : \
      |                        ^~~~~~~~~~~~~~~~~~~~~~~~~~~~~~~~
/Library/Developer/CommandLineTools/SDKs/MacOSX.sdk/System/Library/Frameworks/Ruby.framework/Versions/2.6/usr/include/ruby-2.6.0/ruby/ruby.h:1816:5: note: expanded from macro 'RUBY_CONST_ID_CACHE'
 1816 |     }
      |     ^
xml_dtd.c:6:44: note: ')' token is here
    6 |   VALUE klass = rb_const_get(mNokogiriXml, rb_intern("Notation"));
      |                                            ^~~~~~~~~~~~~~~~~~~~~
/Library/Developer/CommandLineTools/SDKs/MacOSX.sdk/System/Library/Frameworks/Ruby.framework/Versions/2.6/usr/include/ruby-2.6.0/ruby/ruby.h:1826:56: note: expanded from macro 'rb_intern'
 1826 |         __extension__ (RUBY_CONST_ID_CACHE((ID), (str))) : \
      |                                                        ^
2 warnings generated.
compiling xml_element_content.c
compiling xml_element_decl.c
xml_element_decl.c:68:17: warning: '(' and '{' tokens introducing statement expression appear in different macro expansion contexts [-Wcompound-token-split-by-macro]
   68 |   id_document = rb_intern("document");
      |                 ^~~~~~~~~~~~~~~~~~~~~
/Library/Developer/CommandLineTools/SDKs/MacOSX.sdk/System/Library/Frameworks/Ruby.framework/Versions/2.6/usr/include/ruby-2.6.0/ruby/ruby.h:1826:23: note: expanded from macro 'rb_intern'
 1826 |         __extension__ (RUBY_CONST_ID_CACHE((ID), (str))) : \
      |                       ^
xml_element_decl.c:68:17: note: '{' token is here
   68 |   id_document = rb_intern("document");
      |                 ^~~~~~~~~~~~~~~~~~~~~
/Library/Developer/CommandLineTools/SDKs/MacOSX.sdk/System/Library/Frameworks/Ruby.framework/Versions/2.6/usr/include/ruby-2.6.0/ruby/ruby.h:1826:24: note: expanded from macro 'rb_intern'
 1826 |         __extension__ (RUBY_CONST_ID_CACHE((ID), (str))) : \
      |                        ^~~~~~~~~~~~~~~~~~~~~~~~~~~~~~~~
/Library/Developer/CommandLineTools/SDKs/MacOSX.sdk/System/Library/Frameworks/Ruby.framework/Versions/2.6/usr/include/ruby-2.6.0/ruby/ruby.h:1811:5: note: expanded from macro 'RUBY_CONST_ID_CACHE'
 1811 |     {                                                   \
      |     ^
xml_element_decl.c:68:17: warning: '}' and ')' tokens terminating statement expression appear in different macro expansion contexts [-Wcompound-token-split-by-macro]
   68 |   id_document = rb_intern("document");
      |                 ^~~~~~~~~~~~~~~~~~~~~
/Library/Developer/CommandLineTools/SDKs/MacOSX.sdk/System/Library/Frameworks/Ruby.framework/Versions/2.6/usr/include/ruby-2.6.0/ruby/ruby.h:1826:24: note: expanded from macro 'rb_intern'
 1826 |         __extension__ (RUBY_CONST_ID_CACHE((ID), (str))) : \
      |                        ^~~~~~~~~~~~~~~~~~~~~~~~~~~~~~~~
/Library/Developer/CommandLineTools/SDKs/MacOSX.sdk/System/Library/Frameworks/Ruby.framework/Versions/2.6/usr/include/ruby-2.6.0/ruby/ruby.h:1816:5: note: expanded from macro 'RUBY_CONST_ID_CACHE'
 1816 |     }
      |     ^
xml_element_decl.c:68:17: note: ')' token is here
   68 |   id_document = rb_intern("document");
      |                 ^~~~~~~~~~~~~~~~~~~~~
/Library/Developer/CommandLineTools/SDKs/MacOSX.sdk/System/Library/Frameworks/Ruby.framework/Versions/2.6/usr/include/ruby-2.6.0/ruby/ruby.h:1826:56: note: expanded from macro 'rb_intern'
 1826 |         __extension__ (RUBY_CONST_ID_CACHE((ID), (str))) : \
      |                                                        ^
2 warnings generated.
compiling xml_encoding_handler.c
compiling xml_entity_decl.c
xml_entity_decl.c:98:40: warning: '(' and '{' tokens introducing statement expression appear in different macro expansion contexts [-Wcompound-token-split-by-macro]
   98 |   rb_const_set(cNokogiriXmlEntityDecl, rb_intern("INTERNAL_GENERAL"),
      |                                        ^~~~~~~~~~~~~~~~~~~~~~~~~~~~~
/Library/Developer/CommandLineTools/SDKs/MacOSX.sdk/System/Library/Frameworks/Ruby.framework/Versions/2.6/usr/include/ruby-2.6.0/ruby/ruby.h:1826:23: note: expanded from macro 'rb_intern'
 1826 |         __extension__ (RUBY_CONST_ID_CACHE((ID), (str))) : \
      |                       ^
xml_entity_decl.c:98:40: note: '{' token is here
   98 |   rb_const_set(cNokogiriXmlEntityDecl, rb_intern("INTERNAL_GENERAL"),
      |                                        ^~~~~~~~~~~~~~~~~~~~~~~~~~~~~
/Library/Developer/CommandLineTools/SDKs/MacOSX.sdk/System/Library/Frameworks/Ruby.framework/Versions/2.6/usr/include/ruby-2.6.0/ruby/ruby.h:1826:24: note: expanded from macro 'rb_intern'
 1826 |         __extension__ (RUBY_CONST_ID_CACHE((ID), (str))) : \
      |                        ^~~~~~~~~~~~~~~~~~~~~~~~~~~~~~~~
/Library/Developer/CommandLineTools/SDKs/MacOSX.sdk/System/Library/Frameworks/Ruby.framework/Versions/2.6/usr/include/ruby-2.6.0/ruby/ruby.h:1811:5: note: expanded from macro 'RUBY_CONST_ID_CACHE'
 1811 |     {                                                   \
      |     ^
xml_entity_decl.c:98:40: warning: '}' and ')' tokens terminating statement expression appear in different macro expansion contexts [-Wcompound-token-split-by-macro]
   98 |   rb_const_set(cNokogiriXmlEntityDecl, rb_intern("INTERNAL_GENERAL"),
      |                                        ^~~~~~~~~~~~~~~~~~~~~~~~~~~~~
/Library/Developer/CommandLineTools/SDKs/MacOSX.sdk/System/Library/Frameworks/Ruby.framework/Versions/2.6/usr/include/ruby-2.6.0/ruby/ruby.h:1826:24: note: expanded from macro 'rb_intern'
 1826 |         __extension__ (RUBY_CONST_ID_CACHE((ID), (str))) : \
      |                        ^~~~~~~~~~~~~~~~~~~~~~~~~~~~~~~~
/Library/Developer/CommandLineTools/SDKs/MacOSX.sdk/System/Library/Frameworks/Ruby.framework/Versions/2.6/usr/include/ruby-2.6.0/ruby/ruby.h:1816:5: note: expanded from macro 'RUBY_CONST_ID_CACHE'
 1816 |     }
      |     ^
xml_entity_decl.c:98:40: note: ')' token is here
   98 |   rb_const_set(cNokogiriXmlEntityDecl, rb_intern("INTERNAL_GENERAL"),
      |                                        ^~~~~~~~~~~~~~~~~~~~~~~~~~~~~
/Library/Developer/CommandLineTools/SDKs/MacOSX.sdk/System/Library/Frameworks/Ruby.framework/Versions/2.6/usr/include/ruby-2.6.0/ruby/ruby.h:1826:56: note: expanded from macro 'rb_intern'
 1826 |         __extension__ (RUBY_CONST_ID_CACHE((ID), (str))) : \
      |                                                        ^
xml_entity_decl.c:100:40: warning: '(' and '{' tokens introducing statement expression appear in different macro expansion contexts [-Wcompound-token-split-by-macro]
  100 |   rb_const_set(cNokogiriXmlEntityDecl, rb_intern("EXTERNAL_GENERAL_PARSED"),
      |                                        ^~~~~~~~~~~~~~~~~~~~~~~~~~~~~~~~~~~~
/Library/Developer/CommandLineTools/SDKs/MacOSX.sdk/System/Library/Frameworks/Ruby.framework/Versions/2.6/usr/include/ruby-2.6.0/ruby/ruby.h:1826:23: note: expanded from macro 'rb_intern'
 1826 |         __extension__ (RUBY_CONST_ID_CACHE((ID), (str))) : \
      |                       ^
xml_entity_decl.c:100:40: note: '{' token is here
  100 |   rb_const_set(cNokogiriXmlEntityDecl, rb_intern("EXTERNAL_GENERAL_PARSED"),
      |                                        ^~~~~~~~~~~~~~~~~~~~~~~~~~~~~~~~~~~~
/Library/Developer/CommandLineTools/SDKs/MacOSX.sdk/System/Library/Frameworks/Ruby.framework/Versions/2.6/usr/include/ruby-2.6.0/ruby/ruby.h:1826:24: note: expanded from macro 'rb_intern'
 1826 |         __extension__ (RUBY_CONST_ID_CACHE((ID), (str))) : \
      |                        ^~~~~~~~~~~~~~~~~~~~~~~~~~~~~~~~
/Library/Developer/CommandLineTools/SDKs/MacOSX.sdk/System/Library/Frameworks/Ruby.framework/Versions/2.6/usr/include/ruby-2.6.0/ruby/ruby.h:1811:5: note: expanded from macro 'RUBY_CONST_ID_CACHE'
 1811 |     {                                                   \
      |     ^
xml_entity_decl.c:100:40: warning: '}' and ')' tokens terminating statement expression appear in different macro expansion contexts [-Wcompound-token-split-by-macro]
  100 |   rb_const_set(cNokogiriXmlEntityDecl, rb_intern("EXTERNAL_GENERAL_PARSED"),
      |                                        ^~~~~~~~~~~~~~~~~~~~~~~~~~~~~~~~~~~~
/Library/Developer/CommandLineTools/SDKs/MacOSX.sdk/System/Library/Frameworks/Ruby.framework/Versions/2.6/usr/include/ruby-2.6.0/ruby/ruby.h:1826:24: note: expanded from macro 'rb_intern'
 1826 |         __extension__ (RUBY_CONST_ID_CACHE((ID), (str))) : \
      |                        ^~~~~~~~~~~~~~~~~~~~~~~~~~~~~~~~
/Library/Developer/CommandLineTools/SDKs/MacOSX.sdk/System/Library/Frameworks/Ruby.framework/Versions/2.6/usr/include/ruby-2.6.0/ruby/ruby.h:1816:5: note: expanded from macro 'RUBY_CONST_ID_CACHE'
 1816 |     }
      |     ^
xml_entity_decl.c:100:40: note: ')' token is here
  100 |   rb_const_set(cNokogiriXmlEntityDecl, rb_intern("EXTERNAL_GENERAL_PARSED"),
      |                                        ^~~~~~~~~~~~~~~~~~~~~~~~~~~~~~~~~~~~
/Library/Developer/CommandLineTools/SDKs/MacOSX.sdk/System/Library/Frameworks/Ruby.framework/Versions/2.6/usr/include/ruby-2.6.0/ruby/ruby.h:1826:56: note: expanded from macro 'rb_intern'
 1826 |         __extension__ (RUBY_CONST_ID_CACHE((ID), (str))) : \
      |                                                        ^
xml_entity_decl.c:102:40: warning: '(' and '{' tokens introducing statement expression appear in different macro expansion contexts [-Wcompound-token-split-by-macro]
  102 |   rb_const_set(cNokogiriXmlEntityDecl, rb_intern("EXTERNAL_GENERAL_UNPARSED"),
      |                                        ^~~~~~~~~~~~~~~~~~~~~~~~~~~~~~~~~~~~~~
/Library/Developer/CommandLineTools/SDKs/MacOSX.sdk/System/Library/Frameworks/Ruby.framework/Versions/2.6/usr/include/ruby-2.6.0/ruby/ruby.h:1826:23: note: expanded from macro 'rb_intern'
 1826 |         __extension__ (RUBY_CONST_ID_CACHE((ID), (str))) : \
      |                       ^
xml_entity_decl.c:102:40: note: '{' token is here
  102 |   rb_const_set(cNokogiriXmlEntityDecl, rb_intern("EXTERNAL_GENERAL_UNPARSED"),
      |                                        ^~~~~~~~~~~~~~~~~~~~~~~~~~~~~~~~~~~~~~
/Library/Developer/CommandLineTools/SDKs/MacOSX.sdk/System/Library/Frameworks/Ruby.framework/Versions/2.6/usr/include/ruby-2.6.0/ruby/ruby.h:1826:24: note: expanded from macro 'rb_intern'
 1826 |         __extension__ (RUBY_CONST_ID_CACHE((ID), (str))) : \
      |                        ^~~~~~~~~~~~~~~~~~~~~~~~~~~~~~~~
/Library/Developer/CommandLineTools/SDKs/MacOSX.sdk/System/Library/Frameworks/Ruby.framework/Versions/2.6/usr/include/ruby-2.6.0/ruby/ruby.h:1811:5: note: expanded from macro 'RUBY_CONST_ID_CACHE'
 1811 |     {                                                   \
      |     ^
xml_entity_decl.c:102:40: warning: '}' and ')' tokens terminating statement expression appear in different macro expansion contexts [-Wcompound-token-split-by-macro]
  102 |   rb_const_set(cNokogiriXmlEntityDecl, rb_intern("EXTERNAL_GENERAL_UNPARSED"),
      |                                        ^~~~~~~~~~~~~~~~~~~~~~~~~~~~~~~~~~~~~~
/Library/Developer/CommandLineTools/SDKs/MacOSX.sdk/System/Library/Frameworks/Ruby.framework/Versions/2.6/usr/include/ruby-2.6.0/ruby/ruby.h:1826:24: note: expanded from macro 'rb_intern'
 1826 |         __extension__ (RUBY_CONST_ID_CACHE((ID), (str))) : \
      |                        ^~~~~~~~~~~~~~~~~~~~~~~~~~~~~~~~
/Library/Developer/CommandLineTools/SDKs/MacOSX.sdk/System/Library/Frameworks/Ruby.framework/Versions/2.6/usr/include/ruby-2.6.0/ruby/ruby.h:1816:5: note: expanded from macro 'RUBY_CONST_ID_CACHE'
 1816 |     }
      |     ^
xml_entity_decl.c:102:40: note: ')' token is here
  102 |   rb_const_set(cNokogiriXmlEntityDecl, rb_intern("EXTERNAL_GENERAL_UNPARSED"),
      |                                        ^~~~~~~~~~~~~~~~~~~~~~~~~~~~~~~~~~~~~~
/Library/Developer/CommandLineTools/SDKs/MacOSX.sdk/System/Library/Frameworks/Ruby.framework/Versions/2.6/usr/include/ruby-2.6.0/ruby/ruby.h:1826:56: note: expanded from macro 'rb_intern'
 1826 |         __extension__ (RUBY_CONST_ID_CACHE((ID), (str))) : \
      |                                                        ^
xml_entity_decl.c:104:40: warning: '(' and '{' tokens introducing statement expression appear in different macro expansion contexts [-Wcompound-token-split-by-macro]
  104 |   rb_const_set(cNokogiriXmlEntityDecl, rb_intern("INTERNAL_PARAMETER"),
      |                                        ^~~~~~~~~~~~~~~~~~~~~~~~~~~~~~~
/Library/Developer/CommandLineTools/SDKs/MacOSX.sdk/System/Library/Frameworks/Ruby.framework/Versions/2.6/usr/include/ruby-2.6.0/ruby/ruby.h:1826:23: note: expanded from macro 'rb_intern'
 1826 |         __extension__ (RUBY_CONST_ID_CACHE((ID), (str))) : \
      |                       ^
xml_entity_decl.c:104:40: note: '{' token is here
  104 |   rb_const_set(cNokogiriXmlEntityDecl, rb_intern("INTERNAL_PARAMETER"),
      |                                        ^~~~~~~~~~~~~~~~~~~~~~~~~~~~~~~
/Library/Developer/CommandLineTools/SDKs/MacOSX.sdk/System/Library/Frameworks/Ruby.framework/Versions/2.6/usr/include/ruby-2.6.0/ruby/ruby.h:1826:24: note: expanded from macro 'rb_intern'
 1826 |         __extension__ (RUBY_CONST_ID_CACHE((ID), (str))) : \
      |                        ^~~~~~~~~~~~~~~~~~~~~~~~~~~~~~~~
/Library/Developer/CommandLineTools/SDKs/MacOSX.sdk/System/Library/Frameworks/Ruby.framework/Versions/2.6/usr/include/ruby-2.6.0/ruby/ruby.h:1811:5: note: expanded from macro 'RUBY_CONST_ID_CACHE'
 1811 |     {                                                   \
      |     ^
xml_entity_decl.c:104:40: warning: '}' and ')' tokens terminating statement expression appear in different macro expansion contexts [-Wcompound-token-split-by-macro]
  104 |   rb_const_set(cNokogiriXmlEntityDecl, rb_intern("INTERNAL_PARAMETER"),
      |                                        ^~~~~~~~~~~~~~~~~~~~~~~~~~~~~~~
/Library/Developer/CommandLineTools/SDKs/MacOSX.sdk/System/Library/Frameworks/Ruby.framework/Versions/2.6/usr/include/ruby-2.6.0/ruby/ruby.h:1826:24: note: expanded from macro 'rb_intern'
 1826 |         __extension__ (RUBY_CONST_ID_CACHE((ID), (str))) : \
      |                        ^~~~~~~~~~~~~~~~~~~~~~~~~~~~~~~~
/Library/Developer/CommandLineTools/SDKs/MacOSX.sdk/System/Library/Frameworks/Ruby.framework/Versions/2.6/usr/include/ruby-2.6.0/ruby/ruby.h:1816:5: note: expanded from macro 'RUBY_CONST_ID_CACHE'
 1816 |     }
      |     ^
xml_entity_decl.c:104:40: note: ')' token is here
  104 |   rb_const_set(cNokogiriXmlEntityDecl, rb_intern("INTERNAL_PARAMETER"),
      |                                        ^~~~~~~~~~~~~~~~~~~~~~~~~~~~~~~
/Library/Developer/CommandLineTools/SDKs/MacOSX.sdk/System/Library/Frameworks/Ruby.framework/Versions/2.6/usr/include/ruby-2.6.0/ruby/ruby.h:1826:56: note: expanded from macro 'rb_intern'
 1826 |         __extension__ (RUBY_CONST_ID_CACHE((ID), (str))) : \
      |                                                        ^
xml_entity_decl.c:106:40: warning: '(' and '{' tokens introducing statement expression appear in different macro expansion contexts [-Wcompound-token-split-by-macro]
  106 |   rb_const_set(cNokogiriXmlEntityDecl, rb_intern("EXTERNAL_PARAMETER"),
      |                                        ^~~~~~~~~~~~~~~~~~~~~~~~~~~~~~~
/Library/Developer/CommandLineTools/SDKs/MacOSX.sdk/System/Library/Frameworks/Ruby.framework/Versions/2.6/usr/include/ruby-2.6.0/ruby/ruby.h:1826:23: note: expanded from macro 'rb_intern'
 1826 |         __extension__ (RUBY_CONST_ID_CACHE((ID), (str))) : \
      |                       ^
xml_entity_decl.c:106:40: note: '{' token is here
  106 |   rb_const_set(cNokogiriXmlEntityDecl, rb_intern("EXTERNAL_PARAMETER"),
      |                                        ^~~~~~~~~~~~~~~~~~~~~~~~~~~~~~~
/Library/Developer/CommandLineTools/SDKs/MacOSX.sdk/System/Library/Frameworks/Ruby.framework/Versions/2.6/usr/include/ruby-2.6.0/ruby/ruby.h:1826:24: note: expanded from macro 'rb_intern'
 1826 |         __extension__ (RUBY_CONST_ID_CACHE((ID), (str))) : \
      |                        ^~~~~~~~~~~~~~~~~~~~~~~~~~~~~~~~
/Library/Developer/CommandLineTools/SDKs/MacOSX.sdk/System/Library/Frameworks/Ruby.framework/Versions/2.6/usr/include/ruby-2.6.0/ruby/ruby.h:1811:5: note: expanded from macro 'RUBY_CONST_ID_CACHE'
 1811 |     {                                                   \
      |     ^
xml_entity_decl.c:106:40: warning: '}' and ')' tokens terminating statement expression appear in different macro expansion contexts [-Wcompound-token-split-by-macro]
  106 |   rb_const_set(cNokogiriXmlEntityDecl, rb_intern("EXTERNAL_PARAMETER"),
      |                                        ^~~~~~~~~~~~~~~~~~~~~~~~~~~~~~~
/Library/Developer/CommandLineTools/SDKs/MacOSX.sdk/System/Library/Frameworks/Ruby.framework/Versions/2.6/usr/include/ruby-2.6.0/ruby/ruby.h:1826:24: note: expanded from macro 'rb_intern'
 1826 |         __extension__ (RUBY_CONST_ID_CACHE((ID), (str))) : \
      |                        ^~~~~~~~~~~~~~~~~~~~~~~~~~~~~~~~
/Library/Developer/CommandLineTools/SDKs/MacOSX.sdk/System/Library/Frameworks/Ruby.framework/Versions/2.6/usr/include/ruby-2.6.0/ruby/ruby.h:1816:5: note: expanded from macro 'RUBY_CONST_ID_CACHE'
 1816 |     }
      |     ^
xml_entity_decl.c:106:40: note: ')' token is here
  106 |   rb_const_set(cNokogiriXmlEntityDecl, rb_intern("EXTERNAL_PARAMETER"),
      |                                        ^~~~~~~~~~~~~~~~~~~~~~~~~~~~~~~
/Library/Developer/CommandLineTools/SDKs/MacOSX.sdk/System/Library/Frameworks/Ruby.framework/Versions/2.6/usr/include/ruby-2.6.0/ruby/ruby.h:1826:56: note: expanded from macro 'rb_intern'
 1826 |         __extension__ (RUBY_CONST_ID_CACHE((ID), (str))) : \
      |                                                        ^
xml_entity_decl.c:108:40: warning: '(' and '{' tokens introducing statement expression appear in different macro expansion contexts [-Wcompound-token-split-by-macro]
  108 |   rb_const_set(cNokogiriXmlEntityDecl, rb_intern("INTERNAL_PREDEFINED"),
      |                                        ^~~~~~~~~~~~~~~~~~~~~~~~~~~~~~~~
/Library/Developer/CommandLineTools/SDKs/MacOSX.sdk/System/Library/Frameworks/Ruby.framework/Versions/2.6/usr/include/ruby-2.6.0/ruby/ruby.h:1826:23: note: expanded from macro 'rb_intern'
 1826 |         __extension__ (RUBY_CONST_ID_CACHE((ID), (str))) : \
      |                       ^
xml_entity_decl.c:108:40: note: '{' token is here
  108 |   rb_const_set(cNokogiriXmlEntityDecl, rb_intern("INTERNAL_PREDEFINED"),
      |                                        ^~~~~~~~~~~~~~~~~~~~~~~~~~~~~~~~
/Library/Developer/CommandLineTools/SDKs/MacOSX.sdk/System/Library/Frameworks/Ruby.framework/Versions/2.6/usr/include/ruby-2.6.0/ruby/ruby.h:1826:24: note: expanded from macro 'rb_intern'
 1826 |         __extension__ (RUBY_CONST_ID_CACHE((ID), (str))) : \
      |                        ^~~~~~~~~~~~~~~~~~~~~~~~~~~~~~~~
/Library/Developer/CommandLineTools/SDKs/MacOSX.sdk/System/Library/Frameworks/Ruby.framework/Versions/2.6/usr/include/ruby-2.6.0/ruby/ruby.h:1811:5: note: expanded from macro 'RUBY_CONST_ID_CACHE'
 1811 |     {                                                   \
      |     ^
xml_entity_decl.c:108:40: warning: '}' and ')' tokens terminating statement expression appear in different macro expansion contexts [-Wcompound-token-split-by-macro]
  108 |   rb_const_set(cNokogiriXmlEntityDecl, rb_intern("INTERNAL_PREDEFINED"),
      |                                        ^~~~~~~~~~~~~~~~~~~~~~~~~~~~~~~~
/Library/Developer/CommandLineTools/SDKs/MacOSX.sdk/System/Library/Frameworks/Ruby.framework/Versions/2.6/usr/include/ruby-2.6.0/ruby/ruby.h:1826:24: note: expanded from macro 'rb_intern'
 1826 |         __extension__ (RUBY_CONST_ID_CACHE((ID), (str))) : \
      |                        ^~~~~~~~~~~~~~~~~~~~~~~~~~~~~~~~
/Library/Developer/CommandLineTools/SDKs/MacOSX.sdk/System/Library/Frameworks/Ruby.framework/Versions/2.6/usr/include/ruby-2.6.0/ruby/ruby.h:1816:5: note: expanded from macro 'RUBY_CONST_ID_CACHE'
 1816 |     }
      |     ^
xml_entity_decl.c:108:40: note: ')' token is here
  108 |   rb_const_set(cNokogiriXmlEntityDecl, rb_intern("INTERNAL_PREDEFINED"),
      |                                        ^~~~~~~~~~~~~~~~~~~~~~~~~~~~~~~~
/Library/Developer/CommandLineTools/SDKs/MacOSX.sdk/System/Library/Frameworks/Ruby.framework/Versions/2.6/usr/include/ruby-2.6.0/ruby/ruby.h:1826:56: note: expanded from macro 'rb_intern'
 1826 |         __extension__ (RUBY_CONST_ID_CACHE((ID), (str))) : \
      |                                                        ^
12 warnings generated.
compiling xml_entity_reference.c
compiling xml_io.c
xml_io.c:61:13: warning: '(' and '{' tokens introducing statement expression appear in different macro expansion contexts [-Wcompound-token-split-by-macro]
   61 |   id_read = rb_intern("read");
      |             ^~~~~~~~~~~~~~~~~
/Library/Developer/CommandLineTools/SDKs/MacOSX.sdk/System/Library/Frameworks/Ruby.framework/Versions/2.6/usr/include/ruby-2.6.0/ruby/ruby.h:1826:23: note: expanded from macro 'rb_intern'
 1826 |         __extension__ (RUBY_CONST_ID_CACHE((ID), (str))) : \
      |                       ^
xml_io.c:61:13: note: '{' token is here
   61 |   id_read = rb_intern("read");
      |             ^~~~~~~~~~~~~~~~~
/Library/Developer/CommandLineTools/SDKs/MacOSX.sdk/System/Library/Frameworks/Ruby.framework/Versions/2.6/usr/include/ruby-2.6.0/ruby/ruby.h:1826:24: note: expanded from macro 'rb_intern'
 1826 |         __extension__ (RUBY_CONST_ID_CACHE((ID), (str))) : \
      |                        ^~~~~~~~~~~~~~~~~~~~~~~~~~~~~~~~
/Library/Developer/CommandLineTools/SDKs/MacOSX.sdk/System/Library/Frameworks/Ruby.framework/Versions/2.6/usr/include/ruby-2.6.0/ruby/ruby.h:1811:5: note: expanded from macro 'RUBY_CONST_ID_CACHE'
 1811 |     {                                                   \
      |     ^
xml_io.c:61:13: warning: '}' and ')' tokens terminating statement expression appear in different macro expansion contexts [-Wcompound-token-split-by-macro]
   61 |   id_read = rb_intern("read");
      |             ^~~~~~~~~~~~~~~~~
/Library/Developer/CommandLineTools/SDKs/MacOSX.sdk/System/Library/Frameworks/Ruby.framework/Versions/2.6/usr/include/ruby-2.6.0/ruby/ruby.h:1826:24: note: expanded from macro 'rb_intern'
 1826 |         __extension__ (RUBY_CONST_ID_CACHE((ID), (str))) : \
      |                        ^~~~~~~~~~~~~~~~~~~~~~~~~~~~~~~~
/Library/Developer/CommandLineTools/SDKs/MacOSX.sdk/System/Library/Frameworks/Ruby.framework/Versions/2.6/usr/include/ruby-2.6.0/ruby/ruby.h:1816:5: note: expanded from macro 'RUBY_CONST_ID_CACHE'
 1816 |     }
      |     ^
xml_io.c:61:13: note: ')' token is here
   61 |   id_read = rb_intern("read");
      |             ^~~~~~~~~~~~~~~~~
/Library/Developer/CommandLineTools/SDKs/MacOSX.sdk/System/Library/Frameworks/Ruby.framework/Versions/2.6/usr/include/ruby-2.6.0/ruby/ruby.h:1826:56: note: expanded from macro 'rb_intern'
 1826 |         __extension__ (RUBY_CONST_ID_CACHE((ID), (str))) : \
      |                                                        ^
xml_io.c:62:14: warning: '(' and '{' tokens introducing statement expression appear in different macro expansion contexts [-Wcompound-token-split-by-macro]
   62 |   id_write = rb_intern("write");
      |              ^~~~~~~~~~~~~~~~~~
/Library/Developer/CommandLineTools/SDKs/MacOSX.sdk/System/Library/Frameworks/Ruby.framework/Versions/2.6/usr/include/ruby-2.6.0/ruby/ruby.h:1826:23: note: expanded from macro 'rb_intern'
 1826 |         __extension__ (RUBY_CONST_ID_CACHE((ID), (str))) : \
      |                       ^
xml_io.c:62:14: note: '{' token is here
   62 |   id_write = rb_intern("write");
      |              ^~~~~~~~~~~~~~~~~~
/Library/Developer/CommandLineTools/SDKs/MacOSX.sdk/System/Library/Frameworks/Ruby.framework/Versions/2.6/usr/include/ruby-2.6.0/ruby/ruby.h:1826:24: note: expanded from macro 'rb_intern'
 1826 |         __extension__ (RUBY_CONST_ID_CACHE((ID), (str))) : \
      |                        ^~~~~~~~~~~~~~~~~~~~~~~~~~~~~~~~
/Library/Developer/CommandLineTools/SDKs/MacOSX.sdk/System/Library/Frameworks/Ruby.framework/Versions/2.6/usr/include/ruby-2.6.0/ruby/ruby.h:1811:5: note: expanded from macro 'RUBY_CONST_ID_CACHE'
 1811 |     {                                                   \
      |     ^
xml_io.c:62:14: warning: '}' and ')' tokens terminating statement expression appear in different macro expansion contexts [-Wcompound-token-split-by-macro]
   62 |   id_write = rb_intern("write");
      |              ^~~~~~~~~~~~~~~~~~
/Library/Developer/CommandLineTools/SDKs/MacOSX.sdk/System/Library/Frameworks/Ruby.framework/Versions/2.6/usr/include/ruby-2.6.0/ruby/ruby.h:1826:24: note: expanded from macro 'rb_intern'
 1826 |         __extension__ (RUBY_CONST_ID_CACHE((ID), (str))) : \
      |                        ^~~~~~~~~~~~~~~~~~~~~~~~~~~~~~~~
/Library/Developer/CommandLineTools/SDKs/MacOSX.sdk/System/Library/Frameworks/Ruby.framework/Versions/2.6/usr/include/ruby-2.6.0/ruby/ruby.h:1816:5: note: expanded from macro 'RUBY_CONST_ID_CACHE'
 1816 |     }
      |     ^
xml_io.c:62:14: note: ')' token is here
   62 |   id_write = rb_intern("write");
      |              ^~~~~~~~~~~~~~~~~~
/Library/Developer/CommandLineTools/SDKs/MacOSX.sdk/System/Library/Frameworks/Ruby.framework/Versions/2.6/usr/include/ruby-2.6.0/ruby/ruby.h:1826:56: note: expanded from macro 'rb_intern'
 1826 |         __extension__ (RUBY_CONST_ID_CACHE((ID), (str))) : \
      |                                                        ^
4 warnings generated.
compiling xml_libxml2_hacks.c
compiling xml_namespace.c
compiling xml_node.c
xml_node.c:1769:19: warning: '(' and '{' tokens introducing statement expression appear in different macro expansion contexts [-Wcompound-token-split-by-macro]
 1769 |   decorate      = rb_intern("decorate");
      |                   ^~~~~~~~~~~~~~~~~~~~~
/Library/Developer/CommandLineTools/SDKs/MacOSX.sdk/System/Library/Frameworks/Ruby.framework/Versions/2.6/usr/include/ruby-2.6.0/ruby/ruby.h:1826:23: note: expanded from macro 'rb_intern'
 1826 |         __extension__ (RUBY_CONST_ID_CACHE((ID), (str))) : \
      |                       ^
xml_node.c:1769:19: note: '{' token is here
 1769 |   decorate      = rb_intern("decorate");
      |                   ^~~~~~~~~~~~~~~~~~~~~
/Library/Developer/CommandLineTools/SDKs/MacOSX.sdk/System/Library/Frameworks/Ruby.framework/Versions/2.6/usr/include/ruby-2.6.0/ruby/ruby.h:1826:24: note: expanded from macro 'rb_intern'
 1826 |         __extension__ (RUBY_CONST_ID_CACHE((ID), (str))) : \
      |                        ^~~~~~~~~~~~~~~~~~~~~~~~~~~~~~~~
/Library/Developer/CommandLineTools/SDKs/MacOSX.sdk/System/Library/Frameworks/Ruby.framework/Versions/2.6/usr/include/ruby-2.6.0/ruby/ruby.h:1811:5: note: expanded from macro 'RUBY_CONST_ID_CACHE'
 1811 |     {                                                   \
      |     ^
xml_node.c:1769:19: warning: '}' and ')' tokens terminating statement expression appear in different macro expansion contexts [-Wcompound-token-split-by-macro]
 1769 |   decorate      = rb_intern("decorate");
      |                   ^~~~~~~~~~~~~~~~~~~~~
/Library/Developer/CommandLineTools/SDKs/MacOSX.sdk/System/Library/Frameworks/Ruby.framework/Versions/2.6/usr/include/ruby-2.6.0/ruby/ruby.h:1826:24: note: expanded from macro 'rb_intern'
 1826 |         __extension__ (RUBY_CONST_ID_CACHE((ID), (str))) : \
      |                        ^~~~~~~~~~~~~~~~~~~~~~~~~~~~~~~~
/Library/Developer/CommandLineTools/SDKs/MacOSX.sdk/System/Library/Frameworks/Ruby.framework/Versions/2.6/usr/include/ruby-2.6.0/ruby/ruby.h:1816:5: note: expanded from macro 'RUBY_CONST_ID_CACHE'
 1816 |     }
      |     ^
xml_node.c:1769:19: note: ')' token is here
 1769 |   decorate      = rb_intern("decorate");
      |                   ^~~~~~~~~~~~~~~~~~~~~
/Library/Developer/CommandLineTools/SDKs/MacOSX.sdk/System/Library/Frameworks/Ruby.framework/Versions/2.6/usr/include/ruby-2.6.0/ruby/ruby.h:1826:56: note: expanded from macro 'rb_intern'
 1826 |         __extension__ (RUBY_CONST_ID_CACHE((ID), (str))) : \
      |                                                        ^
xml_node.c:1770:19: warning: '(' and '{' tokens introducing statement expression appear in different macro expansion contexts [-Wcompound-token-split-by-macro]
 1770 |   decorate_bang = rb_intern("decorate!");
      |                   ^~~~~~~~~~~~~~~~~~~~~~
/Library/Developer/CommandLineTools/SDKs/MacOSX.sdk/System/Library/Frameworks/Ruby.framework/Versions/2.6/usr/include/ruby-2.6.0/ruby/ruby.h:1826:23: note: expanded from macro 'rb_intern'
 1826 |         __extension__ (RUBY_CONST_ID_CACHE((ID), (str))) : \
      |                       ^
xml_node.c:1770:19: note: '{' token is here
 1770 |   decorate_bang = rb_intern("decorate!");
      |                   ^~~~~~~~~~~~~~~~~~~~~~
/Library/Developer/CommandLineTools/SDKs/MacOSX.sdk/System/Library/Frameworks/Ruby.framework/Versions/2.6/usr/include/ruby-2.6.0/ruby/ruby.h:1826:24: note: expanded from macro 'rb_intern'
 1826 |         __extension__ (RUBY_CONST_ID_CACHE((ID), (str))) : \
      |                        ^~~~~~~~~~~~~~~~~~~~~~~~~~~~~~~~
/Library/Developer/CommandLineTools/SDKs/MacOSX.sdk/System/Library/Frameworks/Ruby.framework/Versions/2.6/usr/include/ruby-2.6.0/ruby/ruby.h:1811:5: note: expanded from macro 'RUBY_CONST_ID_CACHE'
 1811 |     {                                                   \
      |     ^
xml_node.c:1770:19: warning: '}' and ')' tokens terminating statement expression appear in different macro expansion contexts [-Wcompound-token-split-by-macro]
 1770 |   decorate_bang = rb_intern("decorate!");
      |                   ^~~~~~~~~~~~~~~~~~~~~~
/Library/Developer/CommandLineTools/SDKs/MacOSX.sdk/System/Library/Frameworks/Ruby.framework/Versions/2.6/usr/include/ruby-2.6.0/ruby/ruby.h:1826:24: note: expanded from macro 'rb_intern'
 1826 |         __extension__ (RUBY_CONST_ID_CACHE((ID), (str))) : \
      |                        ^~~~~~~~~~~~~~~~~~~~~~~~~~~~~~~~
/Library/Developer/CommandLineTools/SDKs/MacOSX.sdk/System/Library/Frameworks/Ruby.framework/Versions/2.6/usr/include/ruby-2.6.0/ruby/ruby.h:1816:5: note: expanded from macro 'RUBY_CONST_ID_CACHE'
 1816 |     }
      |     ^
xml_node.c:1770:19: note: ')' token is here
 1770 |   decorate_bang = rb_intern("decorate!");
      |                   ^~~~~~~~~~~~~~~~~~~~~~
/Library/Developer/CommandLineTools/SDKs/MacOSX.sdk/System/Library/Frameworks/Ruby.framework/Versions/2.6/usr/include/ruby-2.6.0/ruby/ruby.h:1826:56: note: expanded from macro 'rb_intern'
 1826 |         __extension__ (RUBY_CONST_ID_CACHE((ID), (str))) : \
      |                                                        ^
4 warnings generated.
compiling xml_node_set.c
xml_node_set.c:358:24: warning: '(' and '{' tokens introducing statement expression appear in different macro expansion contexts [-Wcompound-token-split-by-macro]
  358 |       rb_funcall(node, rb_intern("unlink"), 0); /* modifies the C struct out from under the object */
      |                        ^~~~~~~~~~~~~~~~~~~
/Library/Developer/CommandLineTools/SDKs/MacOSX.sdk/System/Library/Frameworks/Ruby.framework/Versions/2.6/usr/include/ruby-2.6.0/ruby/ruby.h:1826:23: note: expanded from macro 'rb_intern'
 1826 |         __extension__ (RUBY_CONST_ID_CACHE((ID), (str))) : \
      |                       ^
/Library/Developer/CommandLineTools/SDKs/MacOSX.sdk/System/Library/Frameworks/Ruby.framework/Versions/2.6/usr/include/ruby-2.6.0/ruby/ruby.h:2602:20: note: expanded from macro 'rb_funcall'
 2602 |         rb_funcallv(recv, mid, \
      |                           ^~~
xml_node_set.c:358:24: note: '{' token is here
  358 |       rb_funcall(node, rb_intern("unlink"), 0); /* modifies the C struct out from under the object */
      |                        ^~~~~~~~~~~~~~~~~~~
/Library/Developer/CommandLineTools/SDKs/MacOSX.sdk/System/Library/Frameworks/Ruby.framework/Versions/2.6/usr/include/ruby-2.6.0/ruby/ruby.h:1826:24: note: expanded from macro 'rb_intern'
 1826 |         __extension__ (RUBY_CONST_ID_CACHE((ID), (str))) : \
      |                        ^~~~~~~~~~~~~~~~~~~~~~~~~~~~~~~~
/Library/Developer/CommandLineTools/SDKs/MacOSX.sdk/System/Library/Frameworks/Ruby.framework/Versions/2.6/usr/include/ruby-2.6.0/ruby/ruby.h:1811:5: note: expanded from macro 'RUBY_CONST_ID_CACHE'
 1811 |     {                                                   \
      |     ^
/Library/Developer/CommandLineTools/SDKs/MacOSX.sdk/System/Library/Frameworks/Ruby.framework/Versions/2.6/usr/include/ruby-2.6.0/ruby/ruby.h:2602:20: note: expanded from macro 'rb_funcall'
 2602 |         rb_funcallv(recv, mid, \
      |                           ^~~
xml_node_set.c:358:24: warning: '}' and ')' tokens terminating statement expression appear in different macro expansion contexts [-Wcompound-token-split-by-macro]
  358 |       rb_funcall(node, rb_intern("unlink"), 0); /* modifies the C struct out from under the object */
      |                        ^~~~~~~~~~~~~~~~~~~
/Library/Developer/CommandLineTools/SDKs/MacOSX.sdk/System/Library/Frameworks/Ruby.framework/Versions/2.6/usr/include/ruby-2.6.0/ruby/ruby.h:1826:24: note: expanded from macro 'rb_intern'
 1826 |         __extension__ (RUBY_CONST_ID_CACHE((ID), (str))) : \
      |                        ^~~~~~~~~~~~~~~~~~~~~~~~~~~~~~~~
/Library/Developer/CommandLineTools/SDKs/MacOSX.sdk/System/Library/Frameworks/Ruby.framework/Versions/2.6/usr/include/ruby-2.6.0/ruby/ruby.h:1816:5: note: expanded from macro 'RUBY_CONST_ID_CACHE'
 1816 |     }
      |     ^
/Library/Developer/CommandLineTools/SDKs/MacOSX.sdk/System/Library/Frameworks/Ruby.framework/Versions/2.6/usr/include/ruby-2.6.0/ruby/ruby.h:2602:20: note: expanded from macro 'rb_funcall'
 2602 |         rb_funcallv(recv, mid, \
      |                           ^~~
xml_node_set.c:358:24: note: ')' token is here
  358 |       rb_funcall(node, rb_intern("unlink"), 0); /* modifies the C struct out from under the object */
      |                        ^~~~~~~~~~~~~~~~~~~
/Library/Developer/CommandLineTools/SDKs/MacOSX.sdk/System/Library/Frameworks/Ruby.framework/Versions/2.6/usr/include/ruby-2.6.0/ruby/ruby.h:1826:56: note: expanded from macro 'rb_intern'
 1826 |         __extension__ (RUBY_CONST_ID_CACHE((ID), (str))) : \
      |                                                        ^
/Library/Developer/CommandLineTools/SDKs/MacOSX.sdk/System/Library/Frameworks/Ruby.framework/Versions/2.6/usr/include/ruby-2.6.0/ruby/ruby.h:2602:20: note: expanded from macro 'rb_funcall'
 2602 |         rb_funcallv(recv, mid, \
      |                           ^~~
xml_node_set.c:485:14: warning: '(' and '{' tokens introducing statement expression appear in different macro expansion contexts [-Wcompound-token-split-by-macro]
  485 |   decorate = rb_intern("decorate");
      |              ^~~~~~~~~~~~~~~~~~~~~
/Library/Developer/CommandLineTools/SDKs/MacOSX.sdk/System/Library/Frameworks/Ruby.framework/Versions/2.6/usr/include/ruby-2.6.0/ruby/ruby.h:1826:23: note: expanded from macro 'rb_intern'
 1826 |         __extension__ (RUBY_CONST_ID_CACHE((ID), (str))) : \
      |                       ^
xml_node_set.c:485:14: note: '{' token is here
  485 |   decorate = rb_intern("decorate");
      |              ^~~~~~~~~~~~~~~~~~~~~
/Library/Developer/CommandLineTools/SDKs/MacOSX.sdk/System/Library/Frameworks/Ruby.framework/Versions/2.6/usr/include/ruby-2.6.0/ruby/ruby.h:1826:24: note: expanded from macro 'rb_intern'
 1826 |         __extension__ (RUBY_CONST_ID_CACHE((ID), (str))) : \
      |                        ^~~~~~~~~~~~~~~~~~~~~~~~~~~~~~~~
/Library/Developer/CommandLineTools/SDKs/MacOSX.sdk/System/Library/Frameworks/Ruby.framework/Versions/2.6/usr/include/ruby-2.6.0/ruby/ruby.h:1811:5: note: expanded from macro 'RUBY_CONST_ID_CACHE'
 1811 |     {                                                   \
      |     ^
xml_node_set.c:485:14: warning: '}' and ')' tokens terminating statement expression appear in different macro expansion contexts [-Wcompound-token-split-by-macro]
  485 |   decorate = rb_intern("decorate");
      |              ^~~~~~~~~~~~~~~~~~~~~
/Library/Developer/CommandLineTools/SDKs/MacOSX.sdk/System/Library/Frameworks/Ruby.framework/Versions/2.6/usr/include/ruby-2.6.0/ruby/ruby.h:1826:24: note: expanded from macro 'rb_intern'
 1826 |         __extension__ (RUBY_CONST_ID_CACHE((ID), (str))) : \
      |                        ^~~~~~~~~~~~~~~~~~~~~~~~~~~~~~~~
/Library/Developer/CommandLineTools/SDKs/MacOSX.sdk/System/Library/Frameworks/Ruby.framework/Versions/2.6/usr/include/ruby-2.6.0/ruby/ruby.h:1816:5: note: expanded from macro 'RUBY_CONST_ID_CACHE'
 1816 |     }
      |     ^
xml_node_set.c:485:14: note: ')' token is here
  485 |   decorate = rb_intern("decorate");
      |              ^~~~~~~~~~~~~~~~~~~~~
/Library/Developer/CommandLineTools/SDKs/MacOSX.sdk/System/Library/Frameworks/Ruby.framework/Versions/2.6/usr/include/ruby-2.6.0/ruby/ruby.h:1826:56: note: expanded from macro 'rb_intern'
 1826 |         __extension__ (RUBY_CONST_ID_CACHE((ID), (str))) : \
      |                                                        ^
4 warnings generated.
compiling xml_processing_instruction.c
compiling xml_reader.c
xml_reader.c:439:33: warning: '(' and '{' tokens introducing statement expression appear in different macro expansion contexts [-Wcompound-token-split-by-macro]
  439 |   error_list = rb_funcall(self, rb_intern("errors"), 0);
      |                                 ^~~~~~~~~~~~~~~~~~~
/Library/Developer/CommandLineTools/SDKs/MacOSX.sdk/System/Library/Frameworks/Ruby.framework/Versions/2.6/usr/include/ruby-2.6.0/ruby/ruby.h:1826:23: note: expanded from macro 'rb_intern'
 1826 |         __extension__ (RUBY_CONST_ID_CACHE((ID), (str))) : \
      |                       ^
/Library/Developer/CommandLineTools/SDKs/MacOSX.sdk/System/Library/Frameworks/Ruby.framework/Versions/2.6/usr/include/ruby-2.6.0/ruby/ruby.h:2602:20: note: expanded from macro 'rb_funcall'
 2602 |         rb_funcallv(recv, mid, \
      |                           ^~~
xml_reader.c:439:33: note: '{' token is here
  439 |   error_list = rb_funcall(self, rb_intern("errors"), 0);
      |                                 ^~~~~~~~~~~~~~~~~~~
/Library/Developer/CommandLineTools/SDKs/MacOSX.sdk/System/Library/Frameworks/Ruby.framework/Versions/2.6/usr/include/ruby-2.6.0/ruby/ruby.h:1826:24: note: expanded from macro 'rb_intern'
 1826 |         __extension__ (RUBY_CONST_ID_CACHE((ID), (str))) : \
      |                        ^~~~~~~~~~~~~~~~~~~~~~~~~~~~~~~~
/Library/Developer/CommandLineTools/SDKs/MacOSX.sdk/System/Library/Frameworks/Ruby.framework/Versions/2.6/usr/include/ruby-2.6.0/ruby/ruby.h:1811:5: note: expanded from macro 'RUBY_CONST_ID_CACHE'
 1811 |     {                                                   \
      |     ^
/Library/Developer/CommandLineTools/SDKs/MacOSX.sdk/System/Library/Frameworks/Ruby.framework/Versions/2.6/usr/include/ruby-2.6.0/ruby/ruby.h:2602:20: note: expanded from macro 'rb_funcall'
 2602 |         rb_funcallv(recv, mid, \
      |                           ^~~
xml_reader.c:439:33: warning: '}' and ')' tokens terminating statement expression appear in different macro expansion contexts [-Wcompound-token-split-by-macro]
  439 |   error_list = rb_funcall(self, rb_intern("errors"), 0);
      |                                 ^~~~~~~~~~~~~~~~~~~
/Library/Developer/CommandLineTools/SDKs/MacOSX.sdk/System/Library/Frameworks/Ruby.framework/Versions/2.6/usr/include/ruby-2.6.0/ruby/ruby.h:1826:24: note: expanded from macro 'rb_intern'
 1826 |         __extension__ (RUBY_CONST_ID_CACHE((ID), (str))) : \
      |                        ^~~~~~~~~~~~~~~~~~~~~~~~~~~~~~~~
/Library/Developer/CommandLineTools/SDKs/MacOSX.sdk/System/Library/Frameworks/Ruby.framework/Versions/2.6/usr/include/ruby-2.6.0/ruby/ruby.h:1816:5: note: expanded from macro 'RUBY_CONST_ID_CACHE'
 1816 |     }
      |     ^
/Library/Developer/CommandLineTools/SDKs/MacOSX.sdk/System/Library/Frameworks/Ruby.framework/Versions/2.6/usr/include/ruby-2.6.0/ruby/ruby.h:2602:20: note: expanded from macro 'rb_funcall'
 2602 |         rb_funcallv(recv, mid, \
      |                           ^~~
xml_reader.c:439:33: note: ')' token is here
  439 |   error_list = rb_funcall(self, rb_intern("errors"), 0);
      |                                 ^~~~~~~~~~~~~~~~~~~
/Library/Developer/CommandLineTools/SDKs/MacOSX.sdk/System/Library/Frameworks/Ruby.framework/Versions/2.6/usr/include/ruby-2.6.0/ruby/ruby.h:1826:56: note: expanded from macro 'rb_intern'
 1826 |         __extension__ (RUBY_CONST_ID_CACHE((ID), (str))) : \
      |                                                        ^
/Library/Developer/CommandLineTools/SDKs/MacOSX.sdk/System/Library/Frameworks/Ruby.framework/Versions/2.6/usr/include/ruby-2.6.0/ruby/ruby.h:2602:20: note: expanded from macro 'rb_funcall'
 2602 |         rb_funcallv(recv, mid, \
      |                           ^~~
2 warnings generated.
compiling xml_relax_ng.c
xml_relax_ng.c:68:61: warning: '(' and '{' tokens introducing statement expression appear in different macro expansion contexts [-Wcompound-token-split-by-macro]
   68 |     parse_options = rb_const_get(rb_const_get(mNokogiriXml, rb_intern("ParseOptions")), rb_intern("DEFAULT_SCHEMA"));
      |                                                             ^~~~~~~~~~~~~~~~~~~~~~~~~
/Library/Developer/CommandLineTools/SDKs/MacOSX.sdk/System/Library/Frameworks/Ruby.framework/Versions/2.6/usr/include/ruby-2.6.0/ruby/ruby.h:1826:23: note: expanded from macro 'rb_intern'
 1826 |         __extension__ (RUBY_CONST_ID_CACHE((ID), (str))) : \
      |                       ^
xml_relax_ng.c:68:61: note: '{' token is here
   68 |     parse_options = rb_const_get(rb_const_get(mNokogiriXml, rb_intern("ParseOptions")), rb_intern("DEFAULT_SCHEMA"));
      |                                                             ^~~~~~~~~~~~~~~~~~~~~~~~~
/Library/Developer/CommandLineTools/SDKs/MacOSX.sdk/System/Library/Frameworks/Ruby.framework/Versions/2.6/usr/include/ruby-2.6.0/ruby/ruby.h:1826:24: note: expanded from macro 'rb_intern'
 1826 |         __extension__ (RUBY_CONST_ID_CACHE((ID), (str))) : \
      |                        ^~~~~~~~~~~~~~~~~~~~~~~~~~~~~~~~
/Library/Developer/CommandLineTools/SDKs/MacOSX.sdk/System/Library/Frameworks/Ruby.framework/Versions/2.6/usr/include/ruby-2.6.0/ruby/ruby.h:1811:5: note: expanded from macro 'RUBY_CONST_ID_CACHE'
 1811 |     {                                                   \
      |     ^
xml_relax_ng.c:68:61: warning: '}' and ')' tokens terminating statement expression appear in different macro expansion contexts [-Wcompound-token-split-by-macro]
   68 |     parse_options = rb_const_get(rb_const_get(mNokogiriXml, rb_intern("ParseOptions")), rb_intern("DEFAULT_SCHEMA"));
      |                                                             ^~~~~~~~~~~~~~~~~~~~~~~~~
/Library/Developer/CommandLineTools/SDKs/MacOSX.sdk/System/Library/Frameworks/Ruby.framework/Versions/2.6/usr/include/ruby-2.6.0/ruby/ruby.h:1826:24: note: expanded from macro 'rb_intern'
 1826 |         __extension__ (RUBY_CONST_ID_CACHE((ID), (str))) : \
      |                        ^~~~~~~~~~~~~~~~~~~~~~~~~~~~~~~~
/Library/Developer/CommandLineTools/SDKs/MacOSX.sdk/System/Library/Frameworks/Ruby.framework/Versions/2.6/usr/include/ruby-2.6.0/ruby/ruby.h:1816:5: note: expanded from macro 'RUBY_CONST_ID_CACHE'
 1816 |     }
      |     ^
xml_relax_ng.c:68:61: note: ')' token is here
   68 |     parse_options = rb_const_get(rb_const_get(mNokogiriXml, rb_intern("ParseOptions")), rb_intern("DEFAULT_SCHEMA"));
      |                                                             ^~~~~~~~~~~~~~~~~~~~~~~~~
/Library/Developer/CommandLineTools/SDKs/MacOSX.sdk/System/Library/Frameworks/Ruby.framework/Versions/2.6/usr/include/ruby-2.6.0/ruby/ruby.h:1826:56: note: expanded from macro 'rb_intern'
 1826 |         __extension__ (RUBY_CONST_ID_CACHE((ID), (str))) : \
      |                                                        ^
xml_relax_ng.c:68:89: warning: '(' and '{' tokens introducing statement expression appear in different macro expansion contexts [-Wcompound-token-split-by-macro]
   68 |     parse_options = rb_const_get(rb_const_get(mNokogiriXml, rb_intern("ParseOptions")), rb_intern("DEFAULT_SCHEMA"));
      |                                                                                         ^~~~~~~~~~~~~~~~~~~~~~~~~~~
/Library/Developer/CommandLineTools/SDKs/MacOSX.sdk/System/Library/Frameworks/Ruby.framework/Versions/2.6/usr/include/ruby-2.6.0/ruby/ruby.h:1826:23: note: expanded from macro 'rb_intern'
 1826 |         __extension__ (RUBY_CONST_ID_CACHE((ID), (str))) : \
      |                       ^
xml_relax_ng.c:68:89: note: '{' token is here
   68 |     parse_options = rb_const_get(rb_const_get(mNokogiriXml, rb_intern("ParseOptions")), rb_intern("DEFAULT_SCHEMA"));
      |                                                                                         ^~~~~~~~~~~~~~~~~~~~~~~~~~~
/Library/Developer/CommandLineTools/SDKs/MacOSX.sdk/System/Library/Frameworks/Ruby.framework/Versions/2.6/usr/include/ruby-2.6.0/ruby/ruby.h:1826:24: note: expanded from macro 'rb_intern'
 1826 |         __extension__ (RUBY_CONST_ID_CACHE((ID), (str))) : \
      |                        ^~~~~~~~~~~~~~~~~~~~~~~~~~~~~~~~
/Library/Developer/CommandLineTools/SDKs/MacOSX.sdk/System/Library/Frameworks/Ruby.framework/Versions/2.6/usr/include/ruby-2.6.0/ruby/ruby.h:1811:5: note: expanded from macro 'RUBY_CONST_ID_CACHE'
 1811 |     {                                                   \
      |     ^
xml_relax_ng.c:68:89: warning: '}' and ')' tokens terminating statement expression appear in different macro expansion contexts [-Wcompound-token-split-by-macro]
   68 |     parse_options = rb_const_get(rb_const_get(mNokogiriXml, rb_intern("ParseOptions")), rb_intern("DEFAULT_SCHEMA"));
      |                                                                                         ^~~~~~~~~~~~~~~~~~~~~~~~~~~
/Library/Developer/CommandLineTools/SDKs/MacOSX.sdk/System/Library/Frameworks/Ruby.framework/Versions/2.6/usr/include/ruby-2.6.0/ruby/ruby.h:1826:24: note: expanded from macro 'rb_intern'
 1826 |         __extension__ (RUBY_CONST_ID_CACHE((ID), (str))) : \
      |                        ^~~~~~~~~~~~~~~~~~~~~~~~~~~~~~~~
/Library/Developer/CommandLineTools/SDKs/MacOSX.sdk/System/Library/Frameworks/Ruby.framework/Versions/2.6/usr/include/ruby-2.6.0/ruby/ruby.h:1816:5: note: expanded from macro 'RUBY_CONST_ID_CACHE'
 1816 |     }
      |     ^
xml_relax_ng.c:68:89: note: ')' token is here
   68 |     parse_options = rb_const_get(rb_const_get(mNokogiriXml, rb_intern("ParseOptions")), rb_intern("DEFAULT_SCHEMA"));
      |                                                                                         ^~~~~~~~~~~~~~~~~~~~~~~~~~~
/Library/Developer/CommandLineTools/SDKs/MacOSX.sdk/System/Library/Frameworks/Ruby.framework/Versions/2.6/usr/include/ruby-2.6.0/ruby/ruby.h:1826:56: note: expanded from macro 'rb_intern'
 1826 |         __extension__ (RUBY_CONST_ID_CACHE((ID), (str))) : \
      |                                                        ^
xml_relax_ng.c:129:61: warning: '(' and '{' tokens introducing statement expression appear in different macro expansion contexts [-Wcompound-token-split-by-macro]
  129 |     parse_options = rb_const_get(rb_const_get(mNokogiriXml, rb_intern("ParseOptions")), rb_intern("DEFAULT_SCHEMA"));
      |                                                             ^~~~~~~~~~~~~~~~~~~~~~~~~
/Library/Developer/CommandLineTools/SDKs/MacOSX.sdk/System/Library/Frameworks/Ruby.framework/Versions/2.6/usr/include/ruby-2.6.0/ruby/ruby.h:1826:23: note: expanded from macro 'rb_intern'
 1826 |         __extension__ (RUBY_CONST_ID_CACHE((ID), (str))) : \
      |                       ^
xml_relax_ng.c:129:61: note: '{' token is here
  129 |     parse_options = rb_const_get(rb_const_get(mNokogiriXml, rb_intern("ParseOptions")), rb_intern("DEFAULT_SCHEMA"));
      |                                                             ^~~~~~~~~~~~~~~~~~~~~~~~~
/Library/Developer/CommandLineTools/SDKs/MacOSX.sdk/System/Library/Frameworks/Ruby.framework/Versions/2.6/usr/include/ruby-2.6.0/ruby/ruby.h:1826:24: note: expanded from macro 'rb_intern'
 1826 |         __extension__ (RUBY_CONST_ID_CACHE((ID), (str))) : \
      |                        ^~~~~~~~~~~~~~~~~~~~~~~~~~~~~~~~
/Library/Developer/CommandLineTools/SDKs/MacOSX.sdk/System/Library/Frameworks/Ruby.framework/Versions/2.6/usr/include/ruby-2.6.0/ruby/ruby.h:1811:5: note: expanded from macro 'RUBY_CONST_ID_CACHE'
 1811 |     {                                                   \
      |     ^
xml_relax_ng.c:129:61: warning: '}' and ')' tokens terminating statement expression appear in different macro expansion contexts [-Wcompound-token-split-by-macro]
  129 |     parse_options = rb_const_get(rb_const_get(mNokogiriXml, rb_intern("ParseOptions")), rb_intern("DEFAULT_SCHEMA"));
      |                                                             ^~~~~~~~~~~~~~~~~~~~~~~~~
/Library/Developer/CommandLineTools/SDKs/MacOSX.sdk/System/Library/Frameworks/Ruby.framework/Versions/2.6/usr/include/ruby-2.6.0/ruby/ruby.h:1826:24: note: expanded from macro 'rb_intern'
 1826 |         __extension__ (RUBY_CONST_ID_CACHE((ID), (str))) : \
      |                        ^~~~~~~~~~~~~~~~~~~~~~~~~~~~~~~~
/Library/Developer/CommandLineTools/SDKs/MacOSX.sdk/System/Library/Frameworks/Ruby.framework/Versions/2.6/usr/include/ruby-2.6.0/ruby/ruby.h:1816:5: note: expanded from macro 'RUBY_CONST_ID_CACHE'
 1816 |     }
      |     ^
xml_relax_ng.c:129:61: note: ')' token is here
  129 |     parse_options = rb_const_get(rb_const_get(mNokogiriXml, rb_intern("ParseOptions")), rb_intern("DEFAULT_SCHEMA"));
      |                                                             ^~~~~~~~~~~~~~~~~~~~~~~~~
/Library/Developer/CommandLineTools/SDKs/MacOSX.sdk/System/Library/Frameworks/Ruby.framework/Versions/2.6/usr/include/ruby-2.6.0/ruby/ruby.h:1826:56: note: expanded from macro 'rb_intern'
 1826 |         __extension__ (RUBY_CONST_ID_CACHE((ID), (str))) : \
      |                                                        ^
xml_relax_ng.c:129:89: warning: '(' and '{' tokens introducing statement expression appear in different macro expansion contexts [-Wcompound-token-split-by-macro]
  129 |     parse_options = rb_const_get(rb_const_get(mNokogiriXml, rb_intern("ParseOptions")), rb_intern("DEFAULT_SCHEMA"));
      |                                                                                         ^~~~~~~~~~~~~~~~~~~~~~~~~~~
/Library/Developer/CommandLineTools/SDKs/MacOSX.sdk/System/Library/Frameworks/Ruby.framework/Versions/2.6/usr/include/ruby-2.6.0/ruby/ruby.h:1826:23: note: expanded from macro 'rb_intern'
 1826 |         __extension__ (RUBY_CONST_ID_CACHE((ID), (str))) : \
      |                       ^
xml_relax_ng.c:129:89: note: '{' token is here
  129 |     parse_options = rb_const_get(rb_const_get(mNokogiriXml, rb_intern("ParseOptions")), rb_intern("DEFAULT_SCHEMA"));
      |                                                                                         ^~~~~~~~~~~~~~~~~~~~~~~~~~~
/Library/Developer/CommandLineTools/SDKs/MacOSX.sdk/System/Library/Frameworks/Ruby.framework/Versions/2.6/usr/include/ruby-2.6.0/ruby/ruby.h:1826:24: note: expanded from macro 'rb_intern'
 1826 |         __extension__ (RUBY_CONST_ID_CACHE((ID), (str))) : \
      |                        ^~~~~~~~~~~~~~~~~~~~~~~~~~~~~~~~
/Library/Developer/CommandLineTools/SDKs/MacOSX.sdk/System/Library/Frameworks/Ruby.framework/Versions/2.6/usr/include/ruby-2.6.0/ruby/ruby.h:1811:5: note: expanded from macro 'RUBY_CONST_ID_CACHE'
 1811 |     {                                                   \
      |     ^
xml_relax_ng.c:129:89: warning: '}' and ')' tokens terminating statement expression appear in different macro expansion contexts [-Wcompound-token-split-by-macro]
  129 |     parse_options = rb_const_get(rb_const_get(mNokogiriXml, rb_intern("ParseOptions")), rb_intern("DEFAULT_SCHEMA"));
      |                                                                                         ^~~~~~~~~~~~~~~~~~~~~~~~~~~
/Library/Developer/CommandLineTools/SDKs/MacOSX.sdk/System/Library/Frameworks/Ruby.framework/Versions/2.6/usr/include/ruby-2.6.0/ruby/ruby.h:1826:24: note: expanded from macro 'rb_intern'
 1826 |         __extension__ (RUBY_CONST_ID_CACHE((ID), (str))) : \
      |                        ^~~~~~~~~~~~~~~~~~~~~~~~~~~~~~~~
/Library/Developer/CommandLineTools/SDKs/MacOSX.sdk/System/Library/Frameworks/Ruby.framework/Versions/2.6/usr/include/ruby-2.6.0/ruby/ruby.h:1816:5: note: expanded from macro 'RUBY_CONST_ID_CACHE'
 1816 |     }
      |     ^
xml_relax_ng.c:129:89: note: ')' token is here
  129 |     parse_options = rb_const_get(rb_const_get(mNokogiriXml, rb_intern("ParseOptions")), rb_intern("DEFAULT_SCHEMA"));
      |                                                                                         ^~~~~~~~~~~~~~~~~~~~~~~~~~~
/Library/Developer/CommandLineTools/SDKs/MacOSX.sdk/System/Library/Frameworks/Ruby.framework/Versions/2.6/usr/include/ruby-2.6.0/ruby/ruby.h:1826:56: note: expanded from macro 'rb_intern'
 1826 |         __extension__ (RUBY_CONST_ID_CACHE((ID), (str))) : \
      |                                                        ^
8 warnings generated.
compiling xml_sax_parser.c
xml_sax_parser.c:291:23: warning: '(' and '{' tokens introducing statement expression appear in different macro expansion contexts [-Wcompound-token-split-by-macro]
  291 |   id_start_document = rb_intern("start_document");
      |                       ^~~~~~~~~~~~~~~~~~~~~~~~~~~
/Library/Developer/CommandLineTools/SDKs/MacOSX.sdk/System/Library/Frameworks/Ruby.framework/Versions/2.6/usr/include/ruby-2.6.0/ruby/ruby.h:1826:23: note: expanded from macro 'rb_intern'
 1826 |         __extension__ (RUBY_CONST_ID_CACHE((ID), (str))) : \
      |                       ^
xml_sax_parser.c:291:23: note: '{' token is here
  291 |   id_start_document = rb_intern("start_document");
      |                       ^~~~~~~~~~~~~~~~~~~~~~~~~~~
/Library/Developer/CommandLineTools/SDKs/MacOSX.sdk/System/Library/Frameworks/Ruby.framework/Versions/2.6/usr/include/ruby-2.6.0/ruby/ruby.h:1826:24: note: expanded from macro 'rb_intern'
 1826 |         __extension__ (RUBY_CONST_ID_CACHE((ID), (str))) : \
      |                        ^~~~~~~~~~~~~~~~~~~~~~~~~~~~~~~~
/Library/Developer/CommandLineTools/SDKs/MacOSX.sdk/System/Library/Frameworks/Ruby.framework/Versions/2.6/usr/include/ruby-2.6.0/ruby/ruby.h:1811:5: note: expanded from macro 'RUBY_CONST_ID_CACHE'
 1811 |     {                                                   \
      |     ^
xml_sax_parser.c:291:23: warning: '}' and ')' tokens terminating statement expression appear in different macro expansion contexts [-Wcompound-token-split-by-macro]
  291 |   id_start_document = rb_intern("start_document");
      |                       ^~~~~~~~~~~~~~~~~~~~~~~~~~~
/Library/Developer/CommandLineTools/SDKs/MacOSX.sdk/System/Library/Frameworks/Ruby.framework/Versions/2.6/usr/include/ruby-2.6.0/ruby/ruby.h:1826:24: note: expanded from macro 'rb_intern'
 1826 |         __extension__ (RUBY_CONST_ID_CACHE((ID), (str))) : \
      |                        ^~~~~~~~~~~~~~~~~~~~~~~~~~~~~~~~
/Library/Developer/CommandLineTools/SDKs/MacOSX.sdk/System/Library/Frameworks/Ruby.framework/Versions/2.6/usr/include/ruby-2.6.0/ruby/ruby.h:1816:5: note: expanded from macro 'RUBY_CONST_ID_CACHE'
 1816 |     }
      |     ^
xml_sax_parser.c:291:23: note: ')' token is here
  291 |   id_start_document = rb_intern("start_document");
      |                       ^~~~~~~~~~~~~~~~~~~~~~~~~~~
/Library/Developer/CommandLineTools/SDKs/MacOSX.sdk/System/Library/Frameworks/Ruby.framework/Versions/2.6/usr/include/ruby-2.6.0/ruby/ruby.h:1826:56: note: expanded from macro 'rb_intern'
 1826 |         __extension__ (RUBY_CONST_ID_CACHE((ID), (str))) : \
      |                                                        ^
xml_sax_parser.c:292:23: warning: '(' and '{' tokens introducing statement expression appear in different macro expansion contexts [-Wcompound-token-split-by-macro]
  292 |   id_end_document   = rb_intern("end_document");
      |                       ^~~~~~~~~~~~~~~~~~~~~~~~~
/Library/Developer/CommandLineTools/SDKs/MacOSX.sdk/System/Library/Frameworks/Ruby.framework/Versions/2.6/usr/include/ruby-2.6.0/ruby/ruby.h:1826:23: note: expanded from macro 'rb_intern'
 1826 |         __extension__ (RUBY_CONST_ID_CACHE((ID), (str))) : \
      |                       ^
xml_sax_parser.c:292:23: note: '{' token is here
  292 |   id_end_document   = rb_intern("end_document");
      |                       ^~~~~~~~~~~~~~~~~~~~~~~~~
/Library/Developer/CommandLineTools/SDKs/MacOSX.sdk/System/Library/Frameworks/Ruby.framework/Versions/2.6/usr/include/ruby-2.6.0/ruby/ruby.h:1826:24: note: expanded from macro 'rb_intern'
 1826 |         __extension__ (RUBY_CONST_ID_CACHE((ID), (str))) : \
      |                        ^~~~~~~~~~~~~~~~~~~~~~~~~~~~~~~~
/Library/Developer/CommandLineTools/SDKs/MacOSX.sdk/System/Library/Frameworks/Ruby.framework/Versions/2.6/usr/include/ruby-2.6.0/ruby/ruby.h:1811:5: note: expanded from macro 'RUBY_CONST_ID_CACHE'
 1811 |     {                                                   \
      |     ^
xml_sax_parser.c:292:23: warning: '}' and ')' tokens terminating statement expression appear in different macro expansion contexts [-Wcompound-token-split-by-macro]
  292 |   id_end_document   = rb_intern("end_document");
      |                       ^~~~~~~~~~~~~~~~~~~~~~~~~
/Library/Developer/CommandLineTools/SDKs/MacOSX.sdk/System/Library/Frameworks/Ruby.framework/Versions/2.6/usr/include/ruby-2.6.0/ruby/ruby.h:1826:24: note: expanded from macro 'rb_intern'
 1826 |         __extension__ (RUBY_CONST_ID_CACHE((ID), (str))) : \
      |                        ^~~~~~~~~~~~~~~~~~~~~~~~~~~~~~~~
/Library/Developer/CommandLineTools/SDKs/MacOSX.sdk/System/Library/Frameworks/Ruby.framework/Versions/2.6/usr/include/ruby-2.6.0/ruby/ruby.h:1816:5: note: expanded from macro 'RUBY_CONST_ID_CACHE'
 1816 |     }
      |     ^
xml_sax_parser.c:292:23: note: ')' token is here
  292 |   id_end_document   = rb_intern("end_document");
      |                       ^~~~~~~~~~~~~~~~~~~~~~~~~
/Library/Developer/CommandLineTools/SDKs/MacOSX.sdk/System/Library/Frameworks/Ruby.framework/Versions/2.6/usr/include/ruby-2.6.0/ruby/ruby.h:1826:56: note: expanded from macro 'rb_intern'
 1826 |         __extension__ (RUBY_CONST_ID_CACHE((ID), (str))) : \
      |                                                        ^
xml_sax_parser.c:293:23: warning: '(' and '{' tokens introducing statement expression appear in different macro expansion contexts [-Wcompound-token-split-by-macro]
  293 |   id_start_element  = rb_intern("start_element");
      |                       ^~~~~~~~~~~~~~~~~~~~~~~~~~
/Library/Developer/CommandLineTools/SDKs/MacOSX.sdk/System/Library/Frameworks/Ruby.framework/Versions/2.6/usr/include/ruby-2.6.0/ruby/ruby.h:1826:23: note: expanded from macro 'rb_intern'
 1826 |         __extension__ (RUBY_CONST_ID_CACHE((ID), (str))) : \
      |                       ^
xml_sax_parser.c:293:23: note: '{' token is here
  293 |   id_start_element  = rb_intern("start_element");
      |                       ^~~~~~~~~~~~~~~~~~~~~~~~~~
/Library/Developer/CommandLineTools/SDKs/MacOSX.sdk/System/Library/Frameworks/Ruby.framework/Versions/2.6/usr/include/ruby-2.6.0/ruby/ruby.h:1826:24: note: expanded from macro 'rb_intern'
 1826 |         __extension__ (RUBY_CONST_ID_CACHE((ID), (str))) : \
      |                        ^~~~~~~~~~~~~~~~~~~~~~~~~~~~~~~~
/Library/Developer/CommandLineTools/SDKs/MacOSX.sdk/System/Library/Frameworks/Ruby.framework/Versions/2.6/usr/include/ruby-2.6.0/ruby/ruby.h:1811:5: note: expanded from macro 'RUBY_CONST_ID_CACHE'
 1811 |     {                                                   \
      |     ^
xml_sax_parser.c:293:23: warning: '}' and ')' tokens terminating statement expression appear in different macro expansion contexts [-Wcompound-token-split-by-macro]
  293 |   id_start_element  = rb_intern("start_element");
      |                       ^~~~~~~~~~~~~~~~~~~~~~~~~~
/Library/Developer/CommandLineTools/SDKs/MacOSX.sdk/System/Library/Frameworks/Ruby.framework/Versions/2.6/usr/include/ruby-2.6.0/ruby/ruby.h:1826:24: note: expanded from macro 'rb_intern'
 1826 |         __extension__ (RUBY_CONST_ID_CACHE((ID), (str))) : \
      |                        ^~~~~~~~~~~~~~~~~~~~~~~~~~~~~~~~
/Library/Developer/CommandLineTools/SDKs/MacOSX.sdk/System/Library/Frameworks/Ruby.framework/Versions/2.6/usr/include/ruby-2.6.0/ruby/ruby.h:1816:5: note: expanded from macro 'RUBY_CONST_ID_CACHE'
 1816 |     }
      |     ^
xml_sax_parser.c:293:23: note: ')' token is here
  293 |   id_start_element  = rb_intern("start_element");
      |                       ^~~~~~~~~~~~~~~~~~~~~~~~~~
/Library/Developer/CommandLineTools/SDKs/MacOSX.sdk/System/Library/Frameworks/Ruby.framework/Versions/2.6/usr/include/ruby-2.6.0/ruby/ruby.h:1826:56: note: expanded from macro 'rb_intern'
 1826 |         __extension__ (RUBY_CONST_ID_CACHE((ID), (str))) : \
      |                                                        ^
xml_sax_parser.c:294:23: warning: '(' and '{' tokens introducing statement expression appear in different macro expansion contexts [-Wcompound-token-split-by-macro]
  294 |   id_end_element    = rb_intern("end_element");
      |                       ^~~~~~~~~~~~~~~~~~~~~~~~
/Library/Developer/CommandLineTools/SDKs/MacOSX.sdk/System/Library/Frameworks/Ruby.framework/Versions/2.6/usr/include/ruby-2.6.0/ruby/ruby.h:1826:23: note: expanded from macro 'rb_intern'
 1826 |         __extension__ (RUBY_CONST_ID_CACHE((ID), (str))) : \
      |                       ^
xml_sax_parser.c:294:23: note: '{' token is here
  294 |   id_end_element    = rb_intern("end_element");
      |                       ^~~~~~~~~~~~~~~~~~~~~~~~
/Library/Developer/CommandLineTools/SDKs/MacOSX.sdk/System/Library/Frameworks/Ruby.framework/Versions/2.6/usr/include/ruby-2.6.0/ruby/ruby.h:1826:24: note: expanded from macro 'rb_intern'
 1826 |         __extension__ (RUBY_CONST_ID_CACHE((ID), (str))) : \
      |                        ^~~~~~~~~~~~~~~~~~~~~~~~~~~~~~~~
/Library/Developer/CommandLineTools/SDKs/MacOSX.sdk/System/Library/Frameworks/Ruby.framework/Versions/2.6/usr/include/ruby-2.6.0/ruby/ruby.h:1811:5: note: expanded from macro 'RUBY_CONST_ID_CACHE'
 1811 |     {                                                   \
      |     ^
xml_sax_parser.c:294:23: warning: '}' and ')' tokens terminating statement expression appear in different macro expansion contexts [-Wcompound-token-split-by-macro]
  294 |   id_end_element    = rb_intern("end_element");
      |                       ^~~~~~~~~~~~~~~~~~~~~~~~
/Library/Developer/CommandLineTools/SDKs/MacOSX.sdk/System/Library/Frameworks/Ruby.framework/Versions/2.6/usr/include/ruby-2.6.0/ruby/ruby.h:1826:24: note: expanded from macro 'rb_intern'
 1826 |         __extension__ (RUBY_CONST_ID_CACHE((ID), (str))) : \
      |                        ^~~~~~~~~~~~~~~~~~~~~~~~~~~~~~~~
/Library/Developer/CommandLineTools/SDKs/MacOSX.sdk/System/Library/Frameworks/Ruby.framework/Versions/2.6/usr/include/ruby-2.6.0/ruby/ruby.h:1816:5: note: expanded from macro 'RUBY_CONST_ID_CACHE'
 1816 |     }
      |     ^
xml_sax_parser.c:294:23: note: ')' token is here
  294 |   id_end_element    = rb_intern("end_element");
      |                       ^~~~~~~~~~~~~~~~~~~~~~~~
/Library/Developer/CommandLineTools/SDKs/MacOSX.sdk/System/Library/Frameworks/Ruby.framework/Versions/2.6/usr/include/ruby-2.6.0/ruby/ruby.h:1826:56: note: expanded from macro 'rb_intern'
 1826 |         __extension__ (RUBY_CONST_ID_CACHE((ID), (str))) : \
      |                                                        ^
xml_sax_parser.c:295:23: warning: '(' and '{' tokens introducing statement expression appear in different macro expansion contexts [-Wcompound-token-split-by-macro]
  295 |   id_comment        = rb_intern("comment");
      |                       ^~~~~~~~~~~~~~~~~~~~
/Library/Developer/CommandLineTools/SDKs/MacOSX.sdk/System/Library/Frameworks/Ruby.framework/Versions/2.6/usr/include/ruby-2.6.0/ruby/ruby.h:1826:23: note: expanded from macro 'rb_intern'
 1826 |         __extension__ (RUBY_CONST_ID_CACHE((ID), (str))) : \
      |                       ^
xml_sax_parser.c:295:23: note: '{' token is here
  295 |   id_comment        = rb_intern("comment");
      |                       ^~~~~~~~~~~~~~~~~~~~
/Library/Developer/CommandLineTools/SDKs/MacOSX.sdk/System/Library/Frameworks/Ruby.framework/Versions/2.6/usr/include/ruby-2.6.0/ruby/ruby.h:1826:24: note: expanded from macro 'rb_intern'
 1826 |         __extension__ (RUBY_CONST_ID_CACHE((ID), (str))) : \
      |                        ^~~~~~~~~~~~~~~~~~~~~~~~~~~~~~~~
/Library/Developer/CommandLineTools/SDKs/MacOSX.sdk/System/Library/Frameworks/Ruby.framework/Versions/2.6/usr/include/ruby-2.6.0/ruby/ruby.h:1811:5: note: expanded from macro 'RUBY_CONST_ID_CACHE'
 1811 |     {                                                   \
      |     ^
xml_sax_parser.c:295:23: warning: '}' and ')' tokens terminating statement expression appear in different macro expansion contexts [-Wcompound-token-split-by-macro]
  295 |   id_comment        = rb_intern("comment");
      |                       ^~~~~~~~~~~~~~~~~~~~
/Library/Developer/CommandLineTools/SDKs/MacOSX.sdk/System/Library/Frameworks/Ruby.framework/Versions/2.6/usr/include/ruby-2.6.0/ruby/ruby.h:1826:24: note: expanded from macro 'rb_intern'
 1826 |         __extension__ (RUBY_CONST_ID_CACHE((ID), (str))) : \
      |                        ^~~~~~~~~~~~~~~~~~~~~~~~~~~~~~~~
/Library/Developer/CommandLineTools/SDKs/MacOSX.sdk/System/Library/Frameworks/Ruby.framework/Versions/2.6/usr/include/ruby-2.6.0/ruby/ruby.h:1816:5: note: expanded from macro 'RUBY_CONST_ID_CACHE'
 1816 |     }
      |     ^
xml_sax_parser.c:295:23: note: ')' token is here
  295 |   id_comment        = rb_intern("comment");
      |                       ^~~~~~~~~~~~~~~~~~~~
/Library/Developer/CommandLineTools/SDKs/MacOSX.sdk/System/Library/Frameworks/Ruby.framework/Versions/2.6/usr/include/ruby-2.6.0/ruby/ruby.h:1826:56: note: expanded from macro 'rb_intern'
 1826 |         __extension__ (RUBY_CONST_ID_CACHE((ID), (str))) : \
      |                                                        ^
xml_sax_parser.c:296:23: warning: '(' and '{' tokens introducing statement expression appear in different macro expansion contexts [-Wcompound-token-split-by-macro]
  296 |   id_characters     = rb_intern("characters");
      |                       ^~~~~~~~~~~~~~~~~~~~~~~
/Library/Developer/CommandLineTools/SDKs/MacOSX.sdk/System/Library/Frameworks/Ruby.framework/Versions/2.6/usr/include/ruby-2.6.0/ruby/ruby.h:1826:23: note: expanded from macro 'rb_intern'
 1826 |         __extension__ (RUBY_CONST_ID_CACHE((ID), (str))) : \
      |                       ^
xml_sax_parser.c:296:23: note: '{' token is here
  296 |   id_characters     = rb_intern("characters");
      |                       ^~~~~~~~~~~~~~~~~~~~~~~
/Library/Developer/CommandLineTools/SDKs/MacOSX.sdk/System/Library/Frameworks/Ruby.framework/Versions/2.6/usr/include/ruby-2.6.0/ruby/ruby.h:1826:24: note: expanded from macro 'rb_intern'
 1826 |         __extension__ (RUBY_CONST_ID_CACHE((ID), (str))) : \
      |                        ^~~~~~~~~~~~~~~~~~~~~~~~~~~~~~~~
/Library/Developer/CommandLineTools/SDKs/MacOSX.sdk/System/Library/Frameworks/Ruby.framework/Versions/2.6/usr/include/ruby-2.6.0/ruby/ruby.h:1811:5: note: expanded from macro 'RUBY_CONST_ID_CACHE'
 1811 |     {                                                   \
      |     ^
xml_sax_parser.c:296:23: warning: '}' and ')' tokens terminating statement expression appear in different macro expansion contexts [-Wcompound-token-split-by-macro]
  296 |   id_characters     = rb_intern("characters");
      |                       ^~~~~~~~~~~~~~~~~~~~~~~
/Library/Developer/CommandLineTools/SDKs/MacOSX.sdk/System/Library/Frameworks/Ruby.framework/Versions/2.6/usr/include/ruby-2.6.0/ruby/ruby.h:1826:24: note: expanded from macro 'rb_intern'
 1826 |         __extension__ (RUBY_CONST_ID_CACHE((ID), (str))) : \
      |                        ^~~~~~~~~~~~~~~~~~~~~~~~~~~~~~~~
/Library/Developer/CommandLineTools/SDKs/MacOSX.sdk/System/Library/Frameworks/Ruby.framework/Versions/2.6/usr/include/ruby-2.6.0/ruby/ruby.h:1816:5: note: expanded from macro 'RUBY_CONST_ID_CACHE'
 1816 |     }
      |     ^
xml_sax_parser.c:296:23: note: ')' token is here
  296 |   id_characters     = rb_intern("characters");
      |                       ^~~~~~~~~~~~~~~~~~~~~~~
/Library/Developer/CommandLineTools/SDKs/MacOSX.sdk/System/Library/Frameworks/Ruby.framework/Versions/2.6/usr/include/ruby-2.6.0/ruby/ruby.h:1826:56: note: expanded from macro 'rb_intern'
 1826 |         __extension__ (RUBY_CONST_ID_CACHE((ID), (str))) : \
      |                                                        ^
xml_sax_parser.c:297:23: warning: '(' and '{' tokens introducing statement expression appear in different macro expansion contexts [-Wcompound-token-split-by-macro]
  297 |   id_xmldecl        = rb_intern("xmldecl");
      |                       ^~~~~~~~~~~~~~~~~~~~
/Library/Developer/CommandLineTools/SDKs/MacOSX.sdk/System/Library/Frameworks/Ruby.framework/Versions/2.6/usr/include/ruby-2.6.0/ruby/ruby.h:1826:23: note: expanded from macro 'rb_intern'
 1826 |         __extension__ (RUBY_CONST_ID_CACHE((ID), (str))) : \
      |                       ^
xml_sax_parser.c:297:23: note: '{' token is here
  297 |   id_xmldecl        = rb_intern("xmldecl");
      |                       ^~~~~~~~~~~~~~~~~~~~
/Library/Developer/CommandLineTools/SDKs/MacOSX.sdk/System/Library/Frameworks/Ruby.framework/Versions/2.6/usr/include/ruby-2.6.0/ruby/ruby.h:1826:24: note: expanded from macro 'rb_intern'
 1826 |         __extension__ (RUBY_CONST_ID_CACHE((ID), (str))) : \
      |                        ^~~~~~~~~~~~~~~~~~~~~~~~~~~~~~~~
/Library/Developer/CommandLineTools/SDKs/MacOSX.sdk/System/Library/Frameworks/Ruby.framework/Versions/2.6/usr/include/ruby-2.6.0/ruby/ruby.h:1811:5: note: expanded from macro 'RUBY_CONST_ID_CACHE'
 1811 |     {                                                   \
      |     ^
xml_sax_parser.c:297:23: warning: '}' and ')' tokens terminating statement expression appear in different macro expansion contexts [-Wcompound-token-split-by-macro]
  297 |   id_xmldecl        = rb_intern("xmldecl");
      |                       ^~~~~~~~~~~~~~~~~~~~
/Library/Developer/CommandLineTools/SDKs/MacOSX.sdk/System/Library/Frameworks/Ruby.framework/Versions/2.6/usr/include/ruby-2.6.0/ruby/ruby.h:1826:24: note: expanded from macro 'rb_intern'
 1826 |         __extension__ (RUBY_CONST_ID_CACHE((ID), (str))) : \
      |                        ^~~~~~~~~~~~~~~~~~~~~~~~~~~~~~~~
/Library/Developer/CommandLineTools/SDKs/MacOSX.sdk/System/Library/Frameworks/Ruby.framework/Versions/2.6/usr/include/ruby-2.6.0/ruby/ruby.h:1816:5: note: expanded from macro 'RUBY_CONST_ID_CACHE'
 1816 |     }
      |     ^
xml_sax_parser.c:297:23: note: ')' token is here
  297 |   id_xmldecl        = rb_intern("xmldecl");
      |                       ^~~~~~~~~~~~~~~~~~~~
/Library/Developer/CommandLineTools/SDKs/MacOSX.sdk/System/Library/Frameworks/Ruby.framework/Versions/2.6/usr/include/ruby-2.6.0/ruby/ruby.h:1826:56: note: expanded from macro 'rb_intern'
 1826 |         __extension__ (RUBY_CONST_ID_CACHE((ID), (str))) : \
      |                                                        ^
xml_sax_parser.c:298:23: warning: '(' and '{' tokens introducing statement expression appear in different macro expansion contexts [-Wcompound-token-split-by-macro]
  298 |   id_error          = rb_intern("error");
      |                       ^~~~~~~~~~~~~~~~~~
/Library/Developer/CommandLineTools/SDKs/MacOSX.sdk/System/Library/Frameworks/Ruby.framework/Versions/2.6/usr/include/ruby-2.6.0/ruby/ruby.h:1826:23: note: expanded from macro 'rb_intern'
 1826 |         __extension__ (RUBY_CONST_ID_CACHE((ID), (str))) : \
      |                       ^
xml_sax_parser.c:298:23: note: '{' token is here
  298 |   id_error          = rb_intern("error");
      |                       ^~~~~~~~~~~~~~~~~~
/Library/Developer/CommandLineTools/SDKs/MacOSX.sdk/System/Library/Frameworks/Ruby.framework/Versions/2.6/usr/include/ruby-2.6.0/ruby/ruby.h:1826:24: note: expanded from macro 'rb_intern'
 1826 |         __extension__ (RUBY_CONST_ID_CACHE((ID), (str))) : \
      |                        ^~~~~~~~~~~~~~~~~~~~~~~~~~~~~~~~
/Library/Developer/CommandLineTools/SDKs/MacOSX.sdk/System/Library/Frameworks/Ruby.framework/Versions/2.6/usr/include/ruby-2.6.0/ruby/ruby.h:1811:5: note: expanded from macro 'RUBY_CONST_ID_CACHE'
 1811 |     {                                                   \
      |     ^
xml_sax_parser.c:298:23: warning: '}' and ')' tokens terminating statement expression appear in different macro expansion contexts [-Wcompound-token-split-by-macro]
  298 |   id_error          = rb_intern("error");
      |                       ^~~~~~~~~~~~~~~~~~
/Library/Developer/CommandLineTools/SDKs/MacOSX.sdk/System/Library/Frameworks/Ruby.framework/Versions/2.6/usr/include/ruby-2.6.0/ruby/ruby.h:1826:24: note: expanded from macro 'rb_intern'
 1826 |         __extension__ (RUBY_CONST_ID_CACHE((ID), (str))) : \
      |                        ^~~~~~~~~~~~~~~~~~~~~~~~~~~~~~~~
/Library/Developer/CommandLineTools/SDKs/MacOSX.sdk/System/Library/Frameworks/Ruby.framework/Versions/2.6/usr/include/ruby-2.6.0/ruby/ruby.h:1816:5: note: expanded from macro 'RUBY_CONST_ID_CACHE'
 1816 |     }
      |     ^
xml_sax_parser.c:298:23: note: ')' token is here
  298 |   id_error          = rb_intern("error");
      |                       ^~~~~~~~~~~~~~~~~~
/Library/Developer/CommandLineTools/SDKs/MacOSX.sdk/System/Library/Frameworks/Ruby.framework/Versions/2.6/usr/include/ruby-2.6.0/ruby/ruby.h:1826:56: note: expanded from macro 'rb_intern'
 1826 |         __extension__ (RUBY_CONST_ID_CACHE((ID), (str))) : \
      |                                                        ^
xml_sax_parser.c:299:23: warning: '(' and '{' tokens introducing statement expression appear in different macro expansion contexts [-Wcompound-token-split-by-macro]
  299 |   id_warning        = rb_intern("warning");
      |                       ^~~~~~~~~~~~~~~~~~~~
/Library/Developer/CommandLineTools/SDKs/MacOSX.sdk/System/Library/Frameworks/Ruby.framework/Versions/2.6/usr/include/ruby-2.6.0/ruby/ruby.h:1826:23: note: expanded from macro 'rb_intern'
 1826 |         __extension__ (RUBY_CONST_ID_CACHE((ID), (str))) : \
      |                       ^
xml_sax_parser.c:299:23: note: '{' token is here
  299 |   id_warning        = rb_intern("warning");
      |                       ^~~~~~~~~~~~~~~~~~~~
/Library/Developer/CommandLineTools/SDKs/MacOSX.sdk/System/Library/Frameworks/Ruby.framework/Versions/2.6/usr/include/ruby-2.6.0/ruby/ruby.h:1826:24: note: expanded from macro 'rb_intern'
 1826 |         __extension__ (RUBY_CONST_ID_CACHE((ID), (str))) : \
      |                        ^~~~~~~~~~~~~~~~~~~~~~~~~~~~~~~~
/Library/Developer/CommandLineTools/SDKs/MacOSX.sdk/System/Library/Frameworks/Ruby.framework/Versions/2.6/usr/include/ruby-2.6.0/ruby/ruby.h:1811:5: note: expanded from macro 'RUBY_CONST_ID_CACHE'
 1811 |     {                                                   \
      |     ^
xml_sax_parser.c:299:23: warning: '}' and ')' tokens terminating statement expression appear in different macro expansion contexts [-Wcompound-token-split-by-macro]
  299 |   id_warning        = rb_intern("warning");
      |                       ^~~~~~~~~~~~~~~~~~~~
/Library/Developer/CommandLineTools/SDKs/MacOSX.sdk/System/Library/Frameworks/Ruby.framework/Versions/2.6/usr/include/ruby-2.6.0/ruby/ruby.h:1826:24: note: expanded from macro 'rb_intern'
 1826 |         __extension__ (RUBY_CONST_ID_CACHE((ID), (str))) : \
      |                        ^~~~~~~~~~~~~~~~~~~~~~~~~~~~~~~~
/Library/Developer/CommandLineTools/SDKs/MacOSX.sdk/System/Library/Frameworks/Ruby.framework/Versions/2.6/usr/include/ruby-2.6.0/ruby/ruby.h:1816:5: note: expanded from macro 'RUBY_CONST_ID_CACHE'
 1816 |     }
      |     ^
xml_sax_parser.c:299:23: note: ')' token is here
  299 |   id_warning        = rb_intern("warning");
      |                       ^~~~~~~~~~~~~~~~~~~~
/Library/Developer/CommandLineTools/SDKs/MacOSX.sdk/System/Library/Frameworks/Ruby.framework/Versions/2.6/usr/include/ruby-2.6.0/ruby/ruby.h:1826:56: note: expanded from macro 'rb_intern'
 1826 |         __extension__ (RUBY_CONST_ID_CACHE((ID), (str))) : \
      |                                                        ^
xml_sax_parser.c:300:23: warning: '(' and '{' tokens introducing statement expression appear in different macro expansion contexts [-Wcompound-token-split-by-macro]
  300 |   id_cdata_block    = rb_intern("cdata_block");
      |                       ^~~~~~~~~~~~~~~~~~~~~~~~
/Library/Developer/CommandLineTools/SDKs/MacOSX.sdk/System/Library/Frameworks/Ruby.framework/Versions/2.6/usr/include/ruby-2.6.0/ruby/ruby.h:1826:23: note: expanded from macro 'rb_intern'
 1826 |         __extension__ (RUBY_CONST_ID_CACHE((ID), (str))) : \
      |                       ^
xml_sax_parser.c:300:23: note: '{' token is here
  300 |   id_cdata_block    = rb_intern("cdata_block");
      |                       ^~~~~~~~~~~~~~~~~~~~~~~~
/Library/Developer/CommandLineTools/SDKs/MacOSX.sdk/System/Library/Frameworks/Ruby.framework/Versions/2.6/usr/include/ruby-2.6.0/ruby/ruby.h:1826:24: note: expanded from macro 'rb_intern'
 1826 |         __extension__ (RUBY_CONST_ID_CACHE((ID), (str))) : \
      |                        ^~~~~~~~~~~~~~~~~~~~~~~~~~~~~~~~
/Library/Developer/CommandLineTools/SDKs/MacOSX.sdk/System/Library/Frameworks/Ruby.framework/Versions/2.6/usr/include/ruby-2.6.0/ruby/ruby.h:1811:5: note: expanded from macro 'RUBY_CONST_ID_CACHE'
 1811 |     {                                                   \
      |     ^
xml_sax_parser.c:300:23: warning: '}' and ')' tokens terminating statement expression appear in different macro expansion contexts [-Wcompound-token-split-by-macro]
  300 |   id_cdata_block    = rb_intern("cdata_block");
      |                       ^~~~~~~~~~~~~~~~~~~~~~~~
/Library/Developer/CommandLineTools/SDKs/MacOSX.sdk/System/Library/Frameworks/Ruby.framework/Versions/2.6/usr/include/ruby-2.6.0/ruby/ruby.h:1826:24: note: expanded from macro 'rb_intern'
 1826 |         __extension__ (RUBY_CONST_ID_CACHE((ID), (str))) : \
      |                        ^~~~~~~~~~~~~~~~~~~~~~~~~~~~~~~~
/Library/Developer/CommandLineTools/SDKs/MacOSX.sdk/System/Library/Frameworks/Ruby.framework/Versions/2.6/usr/include/ruby-2.6.0/ruby/ruby.h:1816:5: note: expanded from macro 'RUBY_CONST_ID_CACHE'
 1816 |     }
      |     ^
xml_sax_parser.c:300:23: note: ')' token is here
  300 |   id_cdata_block    = rb_intern("cdata_block");
      |                       ^~~~~~~~~~~~~~~~~~~~~~~~
/Library/Developer/CommandLineTools/SDKs/MacOSX.sdk/System/Library/Frameworks/Ruby.framework/Versions/2.6/usr/include/ruby-2.6.0/ruby/ruby.h:1826:56: note: expanded from macro 'rb_intern'
 1826 |         __extension__ (RUBY_CONST_ID_CACHE((ID), (str))) : \
      |                                                        ^
xml_sax_parser.c:301:23: warning: '(' and '{' tokens introducing statement expression appear in different macro expansion contexts [-Wcompound-token-split-by-macro]
  301 |   id_cAttribute     = rb_intern("Attribute");
      |                       ^~~~~~~~~~~~~~~~~~~~~~
/Library/Developer/CommandLineTools/SDKs/MacOSX.sdk/System/Library/Frameworks/Ruby.framework/Versions/2.6/usr/include/ruby-2.6.0/ruby/ruby.h:1826:23: note: expanded from macro 'rb_intern'
 1826 |         __extension__ (RUBY_CONST_ID_CACHE((ID), (str))) : \
      |                       ^
xml_sax_parser.c:301:23: note: '{' token is here
  301 |   id_cAttribute     = rb_intern("Attribute");
      |                       ^~~~~~~~~~~~~~~~~~~~~~
/Library/Developer/CommandLineTools/SDKs/MacOSX.sdk/System/Library/Frameworks/Ruby.framework/Versions/2.6/usr/include/ruby-2.6.0/ruby/ruby.h:1826:24: note: expanded from macro 'rb_intern'
 1826 |         __extension__ (RUBY_CONST_ID_CACHE((ID), (str))) : \
      |                        ^~~~~~~~~~~~~~~~~~~~~~~~~~~~~~~~
/Library/Developer/CommandLineTools/SDKs/MacOSX.sdk/System/Library/Frameworks/Ruby.framework/Versions/2.6/usr/include/ruby-2.6.0/ruby/ruby.h:1811:5: note: expanded from macro 'RUBY_CONST_ID_CACHE'
 1811 |     {                                                   \
      |     ^
xml_sax_parser.c:301:23: warning: '}' and ')' tokens terminating statement expression appear in different macro expansion contexts [-Wcompound-token-split-by-macro]
  301 |   id_cAttribute     = rb_intern("Attribute");
      |                       ^~~~~~~~~~~~~~~~~~~~~~
/Library/Developer/CommandLineTools/SDKs/MacOSX.sdk/System/Library/Frameworks/Ruby.framework/Versions/2.6/usr/include/ruby-2.6.0/ruby/ruby.h:1826:24: note: expanded from macro 'rb_intern'
 1826 |         __extension__ (RUBY_CONST_ID_CACHE((ID), (str))) : \
      |                        ^~~~~~~~~~~~~~~~~~~~~~~~~~~~~~~~
/Library/Developer/CommandLineTools/SDKs/MacOSX.sdk/System/Library/Frameworks/Ruby.framework/Versions/2.6/usr/include/ruby-2.6.0/ruby/ruby.h:1816:5: note: expanded from macro 'RUBY_CONST_ID_CACHE'
 1816 |     }
      |     ^
xml_sax_parser.c:301:23: note: ')' token is here
  301 |   id_cAttribute     = rb_intern("Attribute");
      |                       ^~~~~~~~~~~~~~~~~~~~~~
/Library/Developer/CommandLineTools/SDKs/MacOSX.sdk/System/Library/Frameworks/Ruby.framework/Versions/2.6/usr/include/ruby-2.6.0/ruby/ruby.h:1826:56: note: expanded from macro 'rb_intern'
 1826 |         __extension__ (RUBY_CONST_ID_CACHE((ID), (str))) : \
      |                                                        ^
xml_sax_parser.c:302:32: warning: '(' and '{' tokens introducing statement expression appear in different macro expansion contexts [-Wcompound-token-split-by-macro]
  302 |   id_start_element_namespace = rb_intern("start_element_namespace");
      |                                ^~~~~~~~~~~~~~~~~~~~~~~~~~~~~~~~~~~~
/Library/Developer/CommandLineTools/SDKs/MacOSX.sdk/System/Library/Frameworks/Ruby.framework/Versions/2.6/usr/include/ruby-2.6.0/ruby/ruby.h:1826:23: note: expanded from macro 'rb_intern'
 1826 |         __extension__ (RUBY_CONST_ID_CACHE((ID), (str))) : \
      |                       ^
xml_sax_parser.c:302:32: note: '{' token is here
  302 |   id_start_element_namespace = rb_intern("start_element_namespace");
      |                                ^~~~~~~~~~~~~~~~~~~~~~~~~~~~~~~~~~~~
/Library/Developer/CommandLineTools/SDKs/MacOSX.sdk/System/Library/Frameworks/Ruby.framework/Versions/2.6/usr/include/ruby-2.6.0/ruby/ruby.h:1826:24: note: expanded from macro 'rb_intern'
 1826 |         __extension__ (RUBY_CONST_ID_CACHE((ID), (str))) : \
      |                        ^~~~~~~~~~~~~~~~~~~~~~~~~~~~~~~~
/Library/Developer/CommandLineTools/SDKs/MacOSX.sdk/System/Library/Frameworks/Ruby.framework/Versions/2.6/usr/include/ruby-2.6.0/ruby/ruby.h:1811:5: note: expanded from macro 'RUBY_CONST_ID_CACHE'
 1811 |     {                                                   \
      |     ^
xml_sax_parser.c:302:32: warning: '}' and ')' tokens terminating statement expression appear in different macro expansion contexts [-Wcompound-token-split-by-macro]
  302 |   id_start_element_namespace = rb_intern("start_element_namespace");
      |                                ^~~~~~~~~~~~~~~~~~~~~~~~~~~~~~~~~~~~
/Library/Developer/CommandLineTools/SDKs/MacOSX.sdk/System/Library/Frameworks/Ruby.framework/Versions/2.6/usr/include/ruby-2.6.0/ruby/ruby.h:1826:24: note: expanded from macro 'rb_intern'
 1826 |         __extension__ (RUBY_CONST_ID_CACHE((ID), (str))) : \
      |                        ^~~~~~~~~~~~~~~~~~~~~~~~~~~~~~~~
/Library/Developer/CommandLineTools/SDKs/MacOSX.sdk/System/Library/Frameworks/Ruby.framework/Versions/2.6/usr/include/ruby-2.6.0/ruby/ruby.h:1816:5: note: expanded from macro 'RUBY_CONST_ID_CACHE'
 1816 |     }
      |     ^
xml_sax_parser.c:302:32: note: ')' token is here
  302 |   id_start_element_namespace = rb_intern("start_element_namespace");
      |                                ^~~~~~~~~~~~~~~~~~~~~~~~~~~~~~~~~~~~
/Library/Developer/CommandLineTools/SDKs/MacOSX.sdk/System/Library/Frameworks/Ruby.framework/Versions/2.6/usr/include/ruby-2.6.0/ruby/ruby.h:1826:56: note: expanded from macro 'rb_intern'
 1826 |         __extension__ (RUBY_CONST_ID_CACHE((ID), (str))) : \
      |                                                        ^
xml_sax_parser.c:303:30: warning: '(' and '{' tokens introducing statement expression appear in different macro expansion contexts [-Wcompound-token-split-by-macro]
  303 |   id_end_element_namespace = rb_intern("end_element_namespace");
      |                              ^~~~~~~~~~~~~~~~~~~~~~~~~~~~~~~~~~
/Library/Developer/CommandLineTools/SDKs/MacOSX.sdk/System/Library/Frameworks/Ruby.framework/Versions/2.6/usr/include/ruby-2.6.0/ruby/ruby.h:1826:23: note: expanded from macro 'rb_intern'
 1826 |         __extension__ (RUBY_CONST_ID_CACHE((ID), (str))) : \
      |                       ^
xml_sax_parser.c:303:30: note: '{' token is here
  303 |   id_end_element_namespace = rb_intern("end_element_namespace");
      |                              ^~~~~~~~~~~~~~~~~~~~~~~~~~~~~~~~~~
/Library/Developer/CommandLineTools/SDKs/MacOSX.sdk/System/Library/Frameworks/Ruby.framework/Versions/2.6/usr/include/ruby-2.6.0/ruby/ruby.h:1826:24: note: expanded from macro 'rb_intern'
 1826 |         __extension__ (RUBY_CONST_ID_CACHE((ID), (str))) : \
      |                        ^~~~~~~~~~~~~~~~~~~~~~~~~~~~~~~~
/Library/Developer/CommandLineTools/SDKs/MacOSX.sdk/System/Library/Frameworks/Ruby.framework/Versions/2.6/usr/include/ruby-2.6.0/ruby/ruby.h:1811:5: note: expanded from macro 'RUBY_CONST_ID_CACHE'
 1811 |     {                                                   \
      |     ^
xml_sax_parser.c:303:30: warning: '}' and ')' tokens terminating statement expression appear in different macro expansion contexts [-Wcompound-token-split-by-macro]
  303 |   id_end_element_namespace = rb_intern("end_element_namespace");
      |                              ^~~~~~~~~~~~~~~~~~~~~~~~~~~~~~~~~~
/Library/Developer/CommandLineTools/SDKs/MacOSX.sdk/System/Library/Frameworks/Ruby.framework/Versions/2.6/usr/include/ruby-2.6.0/ruby/ruby.h:1826:24: note: expanded from macro 'rb_intern'
 1826 |         __extension__ (RUBY_CONST_ID_CACHE((ID), (str))) : \
      |                        ^~~~~~~~~~~~~~~~~~~~~~~~~~~~~~~~
/Library/Developer/CommandLineTools/SDKs/MacOSX.sdk/System/Library/Frameworks/Ruby.framework/Versions/2.6/usr/include/ruby-2.6.0/ruby/ruby.h:1816:5: note: expanded from macro 'RUBY_CONST_ID_CACHE'
 1816 |     }
      |     ^
xml_sax_parser.c:303:30: note: ')' token is here
  303 |   id_end_element_namespace = rb_intern("end_element_namespace");
      |                              ^~~~~~~~~~~~~~~~~~~~~~~~~~~~~~~~~~
/Library/Developer/CommandLineTools/SDKs/MacOSX.sdk/System/Library/Frameworks/Ruby.framework/Versions/2.6/usr/include/ruby-2.6.0/ruby/ruby.h:1826:56: note: expanded from macro 'rb_intern'
 1826 |         __extension__ (RUBY_CONST_ID_CACHE((ID), (str))) : \
      |                                                        ^
xml_sax_parser.c:304:31: warning: '(' and '{' tokens introducing statement expression appear in different macro expansion contexts [-Wcompound-token-split-by-macro]
  304 |   id_processing_instruction = rb_intern("processing_instruction");
      |                               ^~~~~~~~~~~~~~~~~~~~~~~~~~~~~~~~~~~
/Library/Developer/CommandLineTools/SDKs/MacOSX.sdk/System/Library/Frameworks/Ruby.framework/Versions/2.6/usr/include/ruby-2.6.0/ruby/ruby.h:1826:23: note: expanded from macro 'rb_intern'
 1826 |         __extension__ (RUBY_CONST_ID_CACHE((ID), (str))) : \
      |                       ^
xml_sax_parser.c:304:31: note: '{' token is here
  304 |   id_processing_instruction = rb_intern("processing_instruction");
      |                               ^~~~~~~~~~~~~~~~~~~~~~~~~~~~~~~~~~~
/Library/Developer/CommandLineTools/SDKs/MacOSX.sdk/System/Library/Frameworks/Ruby.framework/Versions/2.6/usr/include/ruby-2.6.0/ruby/ruby.h:1826:24: note: expanded from macro 'rb_intern'
 1826 |         __extension__ (RUBY_CONST_ID_CACHE((ID), (str))) : \
      |                        ^~~~~~~~~~~~~~~~~~~~~~~~~~~~~~~~
/Library/Developer/CommandLineTools/SDKs/MacOSX.sdk/System/Library/Frameworks/Ruby.framework/Versions/2.6/usr/include/ruby-2.6.0/ruby/ruby.h:1811:5: note: expanded from macro 'RUBY_CONST_ID_CACHE'
 1811 |     {                                                   \
      |     ^
xml_sax_parser.c:304:31: warning: '}' and ')' tokens terminating statement expression appear in different macro expansion contexts [-Wcompound-token-split-by-macro]
  304 |   id_processing_instruction = rb_intern("processing_instruction");
      |                               ^~~~~~~~~~~~~~~~~~~~~~~~~~~~~~~~~~~
/Library/Developer/CommandLineTools/SDKs/MacOSX.sdk/System/Library/Frameworks/Ruby.framework/Versions/2.6/usr/include/ruby-2.6.0/ruby/ruby.h:1826:24: note: expanded from macro 'rb_intern'
 1826 |         __extension__ (RUBY_CONST_ID_CACHE((ID), (str))) : \
      |                        ^~~~~~~~~~~~~~~~~~~~~~~~~~~~~~~~
/Library/Developer/CommandLineTools/SDKs/MacOSX.sdk/System/Library/Frameworks/Ruby.framework/Versions/2.6/usr/include/ruby-2.6.0/ruby/ruby.h:1816:5: note: expanded from macro 'RUBY_CONST_ID_CACHE'
 1816 |     }
      |     ^
xml_sax_parser.c:304:31: note: ')' token is here
  304 |   id_processing_instruction = rb_intern("processing_instruction");
      |                               ^~~~~~~~~~~~~~~~~~~~~~~~~~~~~~~~~~~
/Library/Developer/CommandLineTools/SDKs/MacOSX.sdk/System/Library/Frameworks/Ruby.framework/Versions/2.6/usr/include/ruby-2.6.0/ruby/ruby.h:1826:56: note: expanded from macro 'rb_intern'
 1826 |         __extension__ (RUBY_CONST_ID_CACHE((ID), (str))) : \
      |                                                        ^
28 warnings generated.
compiling xml_sax_parser_context.c
compiling xml_sax_push_parser.c
compiling xml_schema.c
xml_schema.c:110:61: warning: '(' and '{' tokens introducing statement expression appear in different macro expansion contexts [-Wcompound-token-split-by-macro]
  110 |     parse_options = rb_const_get(rb_const_get(mNokogiriXml, rb_intern("ParseOptions")), rb_intern("DEFAULT_SCHEMA"));
      |                                                             ^~~~~~~~~~~~~~~~~~~~~~~~~
/Library/Developer/CommandLineTools/SDKs/MacOSX.sdk/System/Library/Frameworks/Ruby.framework/Versions/2.6/usr/include/ruby-2.6.0/ruby/ruby.h:1826:23: note: expanded from macro 'rb_intern'
 1826 |         __extension__ (RUBY_CONST_ID_CACHE((ID), (str))) : \
      |                       ^
xml_schema.c:110:61: note: '{' token is here
  110 |     parse_options = rb_const_get(rb_const_get(mNokogiriXml, rb_intern("ParseOptions")), rb_intern("DEFAULT_SCHEMA"));
      |                                                             ^~~~~~~~~~~~~~~~~~~~~~~~~
/Library/Developer/CommandLineTools/SDKs/MacOSX.sdk/System/Library/Frameworks/Ruby.framework/Versions/2.6/usr/include/ruby-2.6.0/ruby/ruby.h:1826:24: note: expanded from macro 'rb_intern'
 1826 |         __extension__ (RUBY_CONST_ID_CACHE((ID), (str))) : \
      |                        ^~~~~~~~~~~~~~~~~~~~~~~~~~~~~~~~
/Library/Developer/CommandLineTools/SDKs/MacOSX.sdk/System/Library/Frameworks/Ruby.framework/Versions/2.6/usr/include/ruby-2.6.0/ruby/ruby.h:1811:5: note: expanded from macro 'RUBY_CONST_ID_CACHE'
 1811 |     {                                                   \
      |     ^
xml_schema.c:110:61: warning: '}' and ')' tokens terminating statement expression appear in different macro expansion contexts [-Wcompound-token-split-by-macro]
  110 |     parse_options = rb_const_get(rb_const_get(mNokogiriXml, rb_intern("ParseOptions")), rb_intern("DEFAULT_SCHEMA"));
      |                                                             ^~~~~~~~~~~~~~~~~~~~~~~~~
/Library/Developer/CommandLineTools/SDKs/MacOSX.sdk/System/Library/Frameworks/Ruby.framework/Versions/2.6/usr/include/ruby-2.6.0/ruby/ruby.h:1826:24: note: expanded from macro 'rb_intern'
 1826 |         __extension__ (RUBY_CONST_ID_CACHE((ID), (str))) : \
      |                        ^~~~~~~~~~~~~~~~~~~~~~~~~~~~~~~~
/Library/Developer/CommandLineTools/SDKs/MacOSX.sdk/System/Library/Frameworks/Ruby.framework/Versions/2.6/usr/include/ruby-2.6.0/ruby/ruby.h:1816:5: note: expanded from macro 'RUBY_CONST_ID_CACHE'
 1816 |     }
      |     ^
xml_schema.c:110:61: note: ')' token is here
  110 |     parse_options = rb_const_get(rb_const_get(mNokogiriXml, rb_intern("ParseOptions")), rb_intern("DEFAULT_SCHEMA"));
      |                                                             ^~~~~~~~~~~~~~~~~~~~~~~~~
/Library/Developer/CommandLineTools/SDKs/MacOSX.sdk/System/Library/Frameworks/Ruby.framework/Versions/2.6/usr/include/ruby-2.6.0/ruby/ruby.h:1826:56: note: expanded from macro 'rb_intern'
 1826 |         __extension__ (RUBY_CONST_ID_CACHE((ID), (str))) : \
      |                                                        ^
xml_schema.c:110:89: warning: '(' and '{' tokens introducing statement expression appear in different macro expansion contexts [-Wcompound-token-split-by-macro]
  110 |     parse_options = rb_const_get(rb_const_get(mNokogiriXml, rb_intern("ParseOptions")), rb_intern("DEFAULT_SCHEMA"));
      |                                                                                         ^~~~~~~~~~~~~~~~~~~~~~~~~~~
/Library/Developer/CommandLineTools/SDKs/MacOSX.sdk/System/Library/Frameworks/Ruby.framework/Versions/2.6/usr/include/ruby-2.6.0/ruby/ruby.h:1826:23: note: expanded from macro 'rb_intern'
 1826 |         __extension__ (RUBY_CONST_ID_CACHE((ID), (str))) : \
      |                       ^
xml_schema.c:110:89: note: '{' token is here
  110 |     parse_options = rb_const_get(rb_const_get(mNokogiriXml, rb_intern("ParseOptions")), rb_intern("DEFAULT_SCHEMA"));
      |                                                                                         ^~~~~~~~~~~~~~~~~~~~~~~~~~~
/Library/Developer/CommandLineTools/SDKs/MacOSX.sdk/System/Library/Frameworks/Ruby.framework/Versions/2.6/usr/include/ruby-2.6.0/ruby/ruby.h:1826:24: note: expanded from macro 'rb_intern'
 1826 |         __extension__ (RUBY_CONST_ID_CACHE((ID), (str))) : \
      |                        ^~~~~~~~~~~~~~~~~~~~~~~~~~~~~~~~
/Library/Developer/CommandLineTools/SDKs/MacOSX.sdk/System/Library/Frameworks/Ruby.framework/Versions/2.6/usr/include/ruby-2.6.0/ruby/ruby.h:1811:5: note: expanded from macro 'RUBY_CONST_ID_CACHE'
 1811 |     {                                                   \
      |     ^
xml_schema.c:110:89: warning: '}' and ')' tokens terminating statement expression appear in different macro expansion contexts [-Wcompound-token-split-by-macro]
  110 |     parse_options = rb_const_get(rb_const_get(mNokogiriXml, rb_intern("ParseOptions")), rb_intern("DEFAULT_SCHEMA"));
      |                                                                                         ^~~~~~~~~~~~~~~~~~~~~~~~~~~
/Library/Developer/CommandLineTools/SDKs/MacOSX.sdk/System/Library/Frameworks/Ruby.framework/Versions/2.6/usr/include/ruby-2.6.0/ruby/ruby.h:1826:24: note: expanded from macro 'rb_intern'
 1826 |         __extension__ (RUBY_CONST_ID_CACHE((ID), (str))) : \
      |                        ^~~~~~~~~~~~~~~~~~~~~~~~~~~~~~~~
/Library/Developer/CommandLineTools/SDKs/MacOSX.sdk/System/Library/Frameworks/Ruby.framework/Versions/2.6/usr/include/ruby-2.6.0/ruby/ruby.h:1816:5: note: expanded from macro 'RUBY_CONST_ID_CACHE'
 1816 |     }
      |     ^
xml_schema.c:110:89: note: ')' token is here
  110 |     parse_options = rb_const_get(rb_const_get(mNokogiriXml, rb_intern("ParseOptions")), rb_intern("DEFAULT_SCHEMA"));
      |                                                                                         ^~~~~~~~~~~~~~~~~~~~~~~~~~~
/Library/Developer/CommandLineTools/SDKs/MacOSX.sdk/System/Library/Frameworks/Ruby.framework/Versions/2.6/usr/include/ruby-2.6.0/ruby/ruby.h:1826:56: note: expanded from macro 'rb_intern'
 1826 |         __extension__ (RUBY_CONST_ID_CACHE((ID), (str))) : \
      |                                                        ^
xml_schema.c:112:62: warning: '(' and '{' tokens introducing statement expression appear in different macro expansion contexts [-Wcompound-token-split-by-macro]
  112 |   parse_options_int = (int)NUM2INT(rb_funcall(parse_options, rb_intern("to_i"), 0));
      |                                                              ^~~~~~~~~~~~~~~~~
/Library/Developer/CommandLineTools/SDKs/MacOSX.sdk/System/Library/Frameworks/Ruby.framework/Versions/2.6/usr/include/ruby-2.6.0/ruby/ruby.h:1826:23: note: expanded from macro 'rb_intern'
 1826 |         __extension__ (RUBY_CONST_ID_CACHE((ID), (str))) : \
      |                       ^
/Library/Developer/CommandLineTools/SDKs/MacOSX.sdk/System/Library/Frameworks/Ruby.framework/Versions/2.6/usr/include/ruby-2.6.0/ruby/ruby.h:2602:20: note: expanded from macro 'rb_funcall'
 2602 |         rb_funcallv(recv, mid, \
      |                           ^~~
/Library/Developer/CommandLineTools/SDKs/MacOSX.sdk/System/Library/Frameworks/Ruby.framework/Versions/2.6/usr/include/ruby-2.6.0/ruby/ruby.h:714:32: note: expanded from macro 'NUM2INT'
  714 | #define NUM2INT(x)  RB_NUM2INT(x)
      |                                ^
/Library/Developer/CommandLineTools/SDKs/MacOSX.sdk/System/Library/Frameworks/Ruby.framework/Versions/2.6/usr/include/ruby-2.6.0/ruby/ruby.h:702:41: note: expanded from macro 'RB_NUM2INT'
  702 | #define RB_NUM2INT(x) rb_num2int_inline(x)
      |                                         ^
xml_schema.c:112:62: note: '{' token is here
  112 |   parse_options_int = (int)NUM2INT(rb_funcall(parse_options, rb_intern("to_i"), 0));
      |                                                              ^~~~~~~~~~~~~~~~~
/Library/Developer/CommandLineTools/SDKs/MacOSX.sdk/System/Library/Frameworks/Ruby.framework/Versions/2.6/usr/include/ruby-2.6.0/ruby/ruby.h:1826:24: note: expanded from macro 'rb_intern'
 1826 |         __extension__ (RUBY_CONST_ID_CACHE((ID), (str))) : \
      |                        ^~~~~~~~~~~~~~~~~~~~~~~~~~~~~~~~
/Library/Developer/CommandLineTools/SDKs/MacOSX.sdk/System/Library/Frameworks/Ruby.framework/Versions/2.6/usr/include/ruby-2.6.0/ruby/ruby.h:1811:5: note: expanded from macro 'RUBY_CONST_ID_CACHE'
 1811 |     {                                                   \
      |     ^
/Library/Developer/CommandLineTools/SDKs/MacOSX.sdk/System/Library/Frameworks/Ruby.framework/Versions/2.6/usr/include/ruby-2.6.0/ruby/ruby.h:2602:20: note: expanded from macro 'rb_funcall'
 2602 |         rb_funcallv(recv, mid, \
      |                           ^~~
/Library/Developer/CommandLineTools/SDKs/MacOSX.sdk/System/Library/Frameworks/Ruby.framework/Versions/2.6/usr/include/ruby-2.6.0/ruby/ruby.h:714:32: note: expanded from macro 'NUM2INT'
  714 | #define NUM2INT(x)  RB_NUM2INT(x)
      |                                ^
/Library/Developer/CommandLineTools/SDKs/MacOSX.sdk/System/Library/Frameworks/Ruby.framework/Versions/2.6/usr/include/ruby-2.6.0/ruby/ruby.h:702:41: note: expanded from macro 'RB_NUM2INT'
  702 | #define RB_NUM2INT(x) rb_num2int_inline(x)
      |                                         ^
xml_schema.c:112:62: warning: '}' and ')' tokens terminating statement expression appear in different macro expansion contexts [-Wcompound-token-split-by-macro]
  112 |   parse_options_int = (int)NUM2INT(rb_funcall(parse_options, rb_intern("to_i"), 0));
      |                                                              ^~~~~~~~~~~~~~~~~
/Library/Developer/CommandLineTools/SDKs/MacOSX.sdk/System/Library/Frameworks/Ruby.framework/Versions/2.6/usr/include/ruby-2.6.0/ruby/ruby.h:1826:24: note: expanded from macro 'rb_intern'
 1826 |         __extension__ (RUBY_CONST_ID_CACHE((ID), (str))) : \
      |                        ^~~~~~~~~~~~~~~~~~~~~~~~~~~~~~~~
/Library/Developer/CommandLineTools/SDKs/MacOSX.sdk/System/Library/Frameworks/Ruby.framework/Versions/2.6/usr/include/ruby-2.6.0/ruby/ruby.h:1816:5: note: expanded from macro 'RUBY_CONST_ID_CACHE'
 1816 |     }
      |     ^
/Library/Developer/CommandLineTools/SDKs/MacOSX.sdk/System/Library/Frameworks/Ruby.framework/Versions/2.6/usr/include/ruby-2.6.0/ruby/ruby.h:2602:20: note: expanded from macro 'rb_funcall'
 2602 |         rb_funcallv(recv, mid, \
      |                           ^~~
/Library/Developer/CommandLineTools/SDKs/MacOSX.sdk/System/Library/Frameworks/Ruby.framework/Versions/2.6/usr/include/ruby-2.6.0/ruby/ruby.h:714:32: note: expanded from macro 'NUM2INT'
  714 | #define NUM2INT(x)  RB_NUM2INT(x)
      |                                ^
/Library/Developer/CommandLineTools/SDKs/MacOSX.sdk/System/Library/Frameworks/Ruby.framework/Versions/2.6/usr/include/ruby-2.6.0/ruby/ruby.h:702:41: note: expanded from macro 'RB_NUM2INT'
  702 | #define RB_NUM2INT(x) rb_num2int_inline(x)
      |                                         ^
xml_schema.c:112:62: note: ')' token is here
  112 |   parse_options_int = (int)NUM2INT(rb_funcall(parse_options, rb_intern("to_i"), 0));
      |                                                              ^~~~~~~~~~~~~~~~~
/Library/Developer/CommandLineTools/SDKs/MacOSX.sdk/System/Library/Frameworks/Ruby.framework/Versions/2.6/usr/include/ruby-2.6.0/ruby/ruby.h:1826:56: note: expanded from macro 'rb_intern'
 1826 |         __extension__ (RUBY_CONST_ID_CACHE((ID), (str))) : \
      |                                                        ^
/Library/Developer/CommandLineTools/SDKs/MacOSX.sdk/System/Library/Frameworks/Ruby.framework/Versions/2.6/usr/include/ruby-2.6.0/ruby/ruby.h:2602:20: note: expanded from macro 'rb_funcall'
 2602 |         rb_funcallv(recv, mid, \
      |                           ^~~
/Library/Developer/CommandLineTools/SDKs/MacOSX.sdk/System/Library/Frameworks/Ruby.framework/Versions/2.6/usr/include/ruby-2.6.0/ruby/ruby.h:714:32: note: expanded from macro 'NUM2INT'
  714 | #define NUM2INT(x)  RB_NUM2INT(x)
      |                                ^
/Library/Developer/CommandLineTools/SDKs/MacOSX.sdk/System/Library/Frameworks/Ruby.framework/Versions/2.6/usr/include/ruby-2.6.0/ruby/ruby.h:702:41: note: expanded from macro 'RB_NUM2INT'
  702 | #define RB_NUM2INT(x) rb_num2int_inline(x)
      |                                         ^
xml_schema.c:208:61: warning: '(' and '{' tokens introducing statement expression appear in different macro expansion contexts [-Wcompound-token-split-by-macro]
  208 |     parse_options = rb_const_get(rb_const_get(mNokogiriXml, rb_intern("ParseOptions")), rb_intern("DEFAULT_SCHEMA"));
      |                                                             ^~~~~~~~~~~~~~~~~~~~~~~~~
/Library/Developer/CommandLineTools/SDKs/MacOSX.sdk/System/Library/Frameworks/Ruby.framework/Versions/2.6/usr/include/ruby-2.6.0/ruby/ruby.h:1826:23: note: expanded from macro 'rb_intern'
 1826 |         __extension__ (RUBY_CONST_ID_CACHE((ID), (str))) : \
      |                       ^
xml_schema.c:208:61: note: '{' token is here
  208 |     parse_options = rb_const_get(rb_const_get(mNokogiriXml, rb_intern("ParseOptions")), rb_intern("DEFAULT_SCHEMA"));
      |                                                             ^~~~~~~~~~~~~~~~~~~~~~~~~
/Library/Developer/CommandLineTools/SDKs/MacOSX.sdk/System/Library/Frameworks/Ruby.framework/Versions/2.6/usr/include/ruby-2.6.0/ruby/ruby.h:1826:24: note: expanded from macro 'rb_intern'
 1826 |         __extension__ (RUBY_CONST_ID_CACHE((ID), (str))) : \
      |                        ^~~~~~~~~~~~~~~~~~~~~~~~~~~~~~~~
/Library/Developer/CommandLineTools/SDKs/MacOSX.sdk/System/Library/Frameworks/Ruby.framework/Versions/2.6/usr/include/ruby-2.6.0/ruby/ruby.h:1811:5: note: expanded from macro 'RUBY_CONST_ID_CACHE'
 1811 |     {                                                   \
      |     ^
xml_schema.c:208:61: warning: '}' and ')' tokens terminating statement expression appear in different macro expansion contexts [-Wcompound-token-split-by-macro]
  208 |     parse_options = rb_const_get(rb_const_get(mNokogiriXml, rb_intern("ParseOptions")), rb_intern("DEFAULT_SCHEMA"));
      |                                                             ^~~~~~~~~~~~~~~~~~~~~~~~~
/Library/Developer/CommandLineTools/SDKs/MacOSX.sdk/System/Library/Frameworks/Ruby.framework/Versions/2.6/usr/include/ruby-2.6.0/ruby/ruby.h:1826:24: note: expanded from macro 'rb_intern'
 1826 |         __extension__ (RUBY_CONST_ID_CACHE((ID), (str))) : \
      |                        ^~~~~~~~~~~~~~~~~~~~~~~~~~~~~~~~
/Library/Developer/CommandLineTools/SDKs/MacOSX.sdk/System/Library/Frameworks/Ruby.framework/Versions/2.6/usr/include/ruby-2.6.0/ruby/ruby.h:1816:5: note: expanded from macro 'RUBY_CONST_ID_CACHE'
 1816 |     }
      |     ^
xml_schema.c:208:61: note: ')' token is here
  208 |     parse_options = rb_const_get(rb_const_get(mNokogiriXml, rb_intern("ParseOptions")), rb_intern("DEFAULT_SCHEMA"));
      |                                                             ^~~~~~~~~~~~~~~~~~~~~~~~~
/Library/Developer/CommandLineTools/SDKs/MacOSX.sdk/System/Library/Frameworks/Ruby.framework/Versions/2.6/usr/include/ruby-2.6.0/ruby/ruby.h:1826:56: note: expanded from macro 'rb_intern'
 1826 |         __extension__ (RUBY_CONST_ID_CACHE((ID), (str))) : \
      |                                                        ^
xml_schema.c:208:89: warning: '(' and '{' tokens introducing statement expression appear in different macro expansion contexts [-Wcompound-token-split-by-macro]
  208 |     parse_options = rb_const_get(rb_const_get(mNokogiriXml, rb_intern("ParseOptions")), rb_intern("DEFAULT_SCHEMA"));
      |                                                                                         ^~~~~~~~~~~~~~~~~~~~~~~~~~~
/Library/Developer/CommandLineTools/SDKs/MacOSX.sdk/System/Library/Frameworks/Ruby.framework/Versions/2.6/usr/include/ruby-2.6.0/ruby/ruby.h:1826:23: note: expanded from macro 'rb_intern'
 1826 |         __extension__ (RUBY_CONST_ID_CACHE((ID), (str))) : \
      |                       ^
xml_schema.c:208:89: note: '{' token is here
  208 |     parse_options = rb_const_get(rb_const_get(mNokogiriXml, rb_intern("ParseOptions")), rb_intern("DEFAULT_SCHEMA"));
      |                                                                                         ^~~~~~~~~~~~~~~~~~~~~~~~~~~
/Library/Developer/CommandLineTools/SDKs/MacOSX.sdk/System/Library/Frameworks/Ruby.framework/Versions/2.6/usr/include/ruby-2.6.0/ruby/ruby.h:1826:24: note: expanded from macro 'rb_intern'
 1826 |         __extension__ (RUBY_CONST_ID_CACHE((ID), (str))) : \
      |                        ^~~~~~~~~~~~~~~~~~~~~~~~~~~~~~~~
/Library/Developer/CommandLineTools/SDKs/MacOSX.sdk/System/Library/Frameworks/Ruby.framework/Versions/2.6/usr/include/ruby-2.6.0/ruby/ruby.h:1811:5: note: expanded from macro 'RUBY_CONST_ID_CACHE'
 1811 |     {                                                   \
      |     ^
xml_schema.c:208:89: warning: '}' and ')' tokens terminating statement expression appear in different macro expansion contexts [-Wcompound-token-split-by-macro]
  208 |     parse_options = rb_const_get(rb_const_get(mNokogiriXml, rb_intern("ParseOptions")), rb_intern("DEFAULT_SCHEMA"));
      |                                                                                         ^~~~~~~~~~~~~~~~~~~~~~~~~~~
/Library/Developer/CommandLineTools/SDKs/MacOSX.sdk/System/Library/Frameworks/Ruby.framework/Versions/2.6/usr/include/ruby-2.6.0/ruby/ruby.h:1826:24: note: expanded from macro 'rb_intern'
 1826 |         __extension__ (RUBY_CONST_ID_CACHE((ID), (str))) : \
      |                        ^~~~~~~~~~~~~~~~~~~~~~~~~~~~~~~~
/Library/Developer/CommandLineTools/SDKs/MacOSX.sdk/System/Library/Frameworks/Ruby.framework/Versions/2.6/usr/include/ruby-2.6.0/ruby/ruby.h:1816:5: note: expanded from macro 'RUBY_CONST_ID_CACHE'
 1816 |     }
      |     ^
xml_schema.c:208:89: note: ')' token is here
  208 |     parse_options = rb_const_get(rb_const_get(mNokogiriXml, rb_intern("ParseOptions")), rb_intern("DEFAULT_SCHEMA"));
      |                                                                                         ^~~~~~~~~~~~~~~~~~~~~~~~~~~
/Library/Developer/CommandLineTools/SDKs/MacOSX.sdk/System/Library/Frameworks/Ruby.framework/Versions/2.6/usr/include/ruby-2.6.0/ruby/ruby.h:1826:56: note: expanded from macro 'rb_intern'
 1826 |         __extension__ (RUBY_CONST_ID_CACHE((ID), (str))) : \
      |                                                        ^
xml_schema.c:210:62: warning: '(' and '{' tokens introducing statement expression appear in different macro expansion contexts [-Wcompound-token-split-by-macro]
  210 |   parse_options_int = (int)NUM2INT(rb_funcall(parse_options, rb_intern("to_i"), 0));
      |                                                              ^~~~~~~~~~~~~~~~~
/Library/Developer/CommandLineTools/SDKs/MacOSX.sdk/System/Library/Frameworks/Ruby.framework/Versions/2.6/usr/include/ruby-2.6.0/ruby/ruby.h:1826:23: note: expanded from macro 'rb_intern'
 1826 |         __extension__ (RUBY_CONST_ID_CACHE((ID), (str))) : \
      |                       ^
/Library/Developer/CommandLineTools/SDKs/MacOSX.sdk/System/Library/Frameworks/Ruby.framework/Versions/2.6/usr/include/ruby-2.6.0/ruby/ruby.h:2602:20: note: expanded from macro 'rb_funcall'
 2602 |         rb_funcallv(recv, mid, \
      |                           ^~~
/Library/Developer/CommandLineTools/SDKs/MacOSX.sdk/System/Library/Frameworks/Ruby.framework/Versions/2.6/usr/include/ruby-2.6.0/ruby/ruby.h:714:32: note: expanded from macro 'NUM2INT'
  714 | #define NUM2INT(x)  RB_NUM2INT(x)
      |                                ^
/Library/Developer/CommandLineTools/SDKs/MacOSX.sdk/System/Library/Frameworks/Ruby.framework/Versions/2.6/usr/include/ruby-2.6.0/ruby/ruby.h:702:41: note: expanded from macro 'RB_NUM2INT'
  702 | #define RB_NUM2INT(x) rb_num2int_inline(x)
      |                                         ^
xml_schema.c:210:62: note: '{' token is here
  210 |   parse_options_int = (int)NUM2INT(rb_funcall(parse_options, rb_intern("to_i"), 0));
      |                                                              ^~~~~~~~~~~~~~~~~
/Library/Developer/CommandLineTools/SDKs/MacOSX.sdk/System/Library/Frameworks/Ruby.framework/Versions/2.6/usr/include/ruby-2.6.0/ruby/ruby.h:1826:24: note: expanded from macro 'rb_intern'
 1826 |         __extension__ (RUBY_CONST_ID_CACHE((ID), (str))) : \
      |                        ^~~~~~~~~~~~~~~~~~~~~~~~~~~~~~~~
/Library/Developer/CommandLineTools/SDKs/MacOSX.sdk/System/Library/Frameworks/Ruby.framework/Versions/2.6/usr/include/ruby-2.6.0/ruby/ruby.h:1811:5: note: expanded from macro 'RUBY_CONST_ID_CACHE'
 1811 |     {                                                   \
      |     ^
/Library/Developer/CommandLineTools/SDKs/MacOSX.sdk/System/Library/Frameworks/Ruby.framework/Versions/2.6/usr/include/ruby-2.6.0/ruby/ruby.h:2602:20: note: expanded from macro 'rb_funcall'
 2602 |         rb_funcallv(recv, mid, \
      |                           ^~~
/Library/Developer/CommandLineTools/SDKs/MacOSX.sdk/System/Library/Frameworks/Ruby.framework/Versions/2.6/usr/include/ruby-2.6.0/ruby/ruby.h:714:32: note: expanded from macro 'NUM2INT'
  714 | #define NUM2INT(x)  RB_NUM2INT(x)
      |                                ^
/Library/Developer/CommandLineTools/SDKs/MacOSX.sdk/System/Library/Frameworks/Ruby.framework/Versions/2.6/usr/include/ruby-2.6.0/ruby/ruby.h:702:41: note: expanded from macro 'RB_NUM2INT'
  702 | #define RB_NUM2INT(x) rb_num2int_inline(x)
      |                                         ^
xml_schema.c:210:62: warning: '}' and ')' tokens terminating statement expression appear in different macro expansion contexts [-Wcompound-token-split-by-macro]
  210 |   parse_options_int = (int)NUM2INT(rb_funcall(parse_options, rb_intern("to_i"), 0));
      |                                                              ^~~~~~~~~~~~~~~~~
/Library/Developer/CommandLineTools/SDKs/MacOSX.sdk/System/Library/Frameworks/Ruby.framework/Versions/2.6/usr/include/ruby-2.6.0/ruby/ruby.h:1826:24: note: expanded from macro 'rb_intern'
 1826 |         __extension__ (RUBY_CONST_ID_CACHE((ID), (str))) : \
      |                        ^~~~~~~~~~~~~~~~~~~~~~~~~~~~~~~~
/Library/Developer/CommandLineTools/SDKs/MacOSX.sdk/System/Library/Frameworks/Ruby.framework/Versions/2.6/usr/include/ruby-2.6.0/ruby/ruby.h:1816:5: note: expanded from macro 'RUBY_CONST_ID_CACHE'
 1816 |     }
      |     ^
/Library/Developer/CommandLineTools/SDKs/MacOSX.sdk/System/Library/Frameworks/Ruby.framework/Versions/2.6/usr/include/ruby-2.6.0/ruby/ruby.h:2602:20: note: expanded from macro 'rb_funcall'
 2602 |         rb_funcallv(recv, mid, \
      |                           ^~~
/Library/Developer/CommandLineTools/SDKs/MacOSX.sdk/System/Library/Frameworks/Ruby.framework/Versions/2.6/usr/include/ruby-2.6.0/ruby/ruby.h:714:32: note: expanded from macro 'NUM2INT'
  714 | #define NUM2INT(x)  RB_NUM2INT(x)
      |                                ^
/Library/Developer/CommandLineTools/SDKs/MacOSX.sdk/System/Library/Frameworks/Ruby.framework/Versions/2.6/usr/include/ruby-2.6.0/ruby/ruby.h:702:41: note: expanded from macro 'RB_NUM2INT'
  702 | #define RB_NUM2INT(x) rb_num2int_inline(x)
      |                                         ^
xml_schema.c:210:62: note: ')' token is here
  210 |   parse_options_int = (int)NUM2INT(rb_funcall(parse_options, rb_intern("to_i"), 0));
      |                                                              ^~~~~~~~~~~~~~~~~
/Library/Developer/CommandLineTools/SDKs/MacOSX.sdk/System/Library/Frameworks/Ruby.framework/Versions/2.6/usr/include/ruby-2.6.0/ruby/ruby.h:1826:56: note: expanded from macro 'rb_intern'
 1826 |         __extension__ (RUBY_CONST_ID_CACHE((ID), (str))) : \
      |                                                        ^
/Library/Developer/CommandLineTools/SDKs/MacOSX.sdk/System/Library/Frameworks/Ruby.framework/Versions/2.6/usr/include/ruby-2.6.0/ruby/ruby.h:2602:20: note: expanded from macro 'rb_funcall'
 2602 |         rb_funcallv(recv, mid, \
      |                           ^~~
/Library/Developer/CommandLineTools/SDKs/MacOSX.sdk/System/Library/Frameworks/Ruby.framework/Versions/2.6/usr/include/ruby-2.6.0/ruby/ruby.h:714:32: note: expanded from macro 'NUM2INT'
  714 | #define NUM2INT(x)  RB_NUM2INT(x)
      |                                ^
/Library/Developer/CommandLineTools/SDKs/MacOSX.sdk/System/Library/Frameworks/Ruby.framework/Versions/2.6/usr/include/ruby-2.6.0/ruby/ruby.h:702:41: note: expanded from macro 'RB_NUM2INT'
  702 | #define RB_NUM2INT(x) rb_num2int_inline(x)
      |                                         ^
12 warnings generated.
compiling xml_syntax_error.c
xml_syntax_error.c:45:46: warning: '(' and '{' tokens introducing statement expression appear in different macro expansion contexts [-Wcompound-token-split-by-macro]
   45 |     VALUE xpath = rb_const_get(mNokogiriXml, rb_intern("XPath"));
      |                                              ^~~~~~~~~~~~~~~~~~
/Library/Developer/CommandLineTools/SDKs/MacOSX.sdk/System/Library/Frameworks/Ruby.framework/Versions/2.6/usr/include/ruby-2.6.0/ruby/ruby.h:1826:23: note: expanded from macro 'rb_intern'
 1826 |         __extension__ (RUBY_CONST_ID_CACHE((ID), (str))) : \
      |                       ^
xml_syntax_error.c:45:46: note: '{' token is here
   45 |     VALUE xpath = rb_const_get(mNokogiriXml, rb_intern("XPath"));
      |                                              ^~~~~~~~~~~~~~~~~~
/Library/Developer/CommandLineTools/SDKs/MacOSX.sdk/System/Library/Frameworks/Ruby.framework/Versions/2.6/usr/include/ruby-2.6.0/ruby/ruby.h:1826:24: note: expanded from macro 'rb_intern'
 1826 |         __extension__ (RUBY_CONST_ID_CACHE((ID), (str))) : \
      |                        ^~~~~~~~~~~~~~~~~~~~~~~~~~~~~~~~
/Library/Developer/CommandLineTools/SDKs/MacOSX.sdk/System/Library/Frameworks/Ruby.framework/Versions/2.6/usr/include/ruby-2.6.0/ruby/ruby.h:1811:5: note: expanded from macro 'RUBY_CONST_ID_CACHE'
 1811 |     {                                                   \
      |     ^
xml_syntax_error.c:45:46: warning: '}' and ')' tokens terminating statement expression appear in different macro expansion contexts [-Wcompound-token-split-by-macro]
   45 |     VALUE xpath = rb_const_get(mNokogiriXml, rb_intern("XPath"));
      |                                              ^~~~~~~~~~~~~~~~~~
/Library/Developer/CommandLineTools/SDKs/MacOSX.sdk/System/Library/Frameworks/Ruby.framework/Versions/2.6/usr/include/ruby-2.6.0/ruby/ruby.h:1826:24: note: expanded from macro 'rb_intern'
 1826 |         __extension__ (RUBY_CONST_ID_CACHE((ID), (str))) : \
      |                        ^~~~~~~~~~~~~~~~~~~~~~~~~~~~~~~~
/Library/Developer/CommandLineTools/SDKs/MacOSX.sdk/System/Library/Frameworks/Ruby.framework/Versions/2.6/usr/include/ruby-2.6.0/ruby/ruby.h:1816:5: note: expanded from macro 'RUBY_CONST_ID_CACHE'
 1816 |     }
      |     ^
xml_syntax_error.c:45:46: note: ')' token is here
   45 |     VALUE xpath = rb_const_get(mNokogiriXml, rb_intern("XPath"));
      |                                              ^~~~~~~~~~~~~~~~~~
/Library/Developer/CommandLineTools/SDKs/MacOSX.sdk/System/Library/Frameworks/Ruby.framework/Versions/2.6/usr/include/ruby-2.6.0/ruby/ruby.h:1826:56: note: expanded from macro 'rb_intern'
 1826 |         __extension__ (RUBY_CONST_ID_CACHE((ID), (str))) : \
      |                                                        ^
xml_syntax_error.c:46:33: warning: '(' and '{' tokens introducing statement expression appear in different macro expansion contexts [-Wcompound-token-split-by-macro]
   46 |     klass = rb_const_get(xpath, rb_intern("SyntaxError"));
      |                                 ^~~~~~~~~~~~~~~~~~~~~~~~
/Library/Developer/CommandLineTools/SDKs/MacOSX.sdk/System/Library/Frameworks/Ruby.framework/Versions/2.6/usr/include/ruby-2.6.0/ruby/ruby.h:1826:23: note: expanded from macro 'rb_intern'
 1826 |         __extension__ (RUBY_CONST_ID_CACHE((ID), (str))) : \
      |                       ^
xml_syntax_error.c:46:33: note: '{' token is here
   46 |     klass = rb_const_get(xpath, rb_intern("SyntaxError"));
      |                                 ^~~~~~~~~~~~~~~~~~~~~~~~
/Library/Developer/CommandLineTools/SDKs/MacOSX.sdk/System/Library/Frameworks/Ruby.framework/Versions/2.6/usr/include/ruby-2.6.0/ruby/ruby.h:1826:24: note: expanded from macro 'rb_intern'
 1826 |         __extension__ (RUBY_CONST_ID_CACHE((ID), (str))) : \
      |                        ^~~~~~~~~~~~~~~~~~~~~~~~~~~~~~~~
/Library/Developer/CommandLineTools/SDKs/MacOSX.sdk/System/Library/Frameworks/Ruby.framework/Versions/2.6/usr/include/ruby-2.6.0/ruby/ruby.h:1811:5: note: expanded from macro 'RUBY_CONST_ID_CACHE'
 1811 |     {                                                   \
      |     ^
xml_syntax_error.c:46:33: warning: '}' and ')' tokens terminating statement expression appear in different macro expansion contexts [-Wcompound-token-split-by-macro]
   46 |     klass = rb_const_get(xpath, rb_intern("SyntaxError"));
      |                                 ^~~~~~~~~~~~~~~~~~~~~~~~
/Library/Developer/CommandLineTools/SDKs/MacOSX.sdk/System/Library/Frameworks/Ruby.framework/Versions/2.6/usr/include/ruby-2.6.0/ruby/ruby.h:1826:24: note: expanded from macro 'rb_intern'
 1826 |         __extension__ (RUBY_CONST_ID_CACHE((ID), (str))) : \
      |                        ^~~~~~~~~~~~~~~~~~~~~~~~~~~~~~~~
/Library/Developer/CommandLineTools/SDKs/MacOSX.sdk/System/Library/Frameworks/Ruby.framework/Versions/2.6/usr/include/ruby-2.6.0/ruby/ruby.h:1816:5: note: expanded from macro 'RUBY_CONST_ID_CACHE'
 1816 |     }
      |     ^
xml_syntax_error.c:46:33: note: ')' token is here
   46 |     klass = rb_const_get(xpath, rb_intern("SyntaxError"));
      |                                 ^~~~~~~~~~~~~~~~~~~~~~~~
/Library/Developer/CommandLineTools/SDKs/MacOSX.sdk/System/Library/Frameworks/Ruby.framework/Versions/2.6/usr/include/ruby-2.6.0/ruby/ruby.h:1826:56: note: expanded from macro 'rb_intern'
 1826 |         __extension__ (RUBY_CONST_ID_CACHE((ID), (str))) : \
      |                                                        ^
4 warnings generated.
compiling xml_text.c
compiling xml_xpath_context.c
xml_xpath_context.c:167:33: warning: '(' and '{' tokens introducing statement expression appear in different macro expansion contexts [-Wcompound-token-split-by-macro]
  167 |   result = rb_funcall2(handler, rb_intern((const char*)function_name), nargs, argv);
      |                                 ^~~~~~~~~~~~~~~~~~~~~~~~~~~~~~~~~~~~~
/Library/Developer/CommandLineTools/SDKs/MacOSX.sdk/System/Library/Frameworks/Ruby.framework/Versions/2.6/usr/include/ruby-2.6.0/ruby/ruby.h:1826:23: note: expanded from macro 'rb_intern'
 1826 |         __extension__ (RUBY_CONST_ID_CACHE((ID), (str))) : \
      |                       ^
xml_xpath_context.c:167:33: note: '{' token is here
  167 |   result = rb_funcall2(handler, rb_intern((const char*)function_name), nargs, argv);
      |                                 ^~~~~~~~~~~~~~~~~~~~~~~~~~~~~~~~~~~~~
/Library/Developer/CommandLineTools/SDKs/MacOSX.sdk/System/Library/Frameworks/Ruby.framework/Versions/2.6/usr/include/ruby-2.6.0/ruby/ruby.h:1826:24: note: expanded from macro 'rb_intern'
 1826 |         __extension__ (RUBY_CONST_ID_CACHE((ID), (str))) : \
      |                        ^~~~~~~~~~~~~~~~~~~~~~~~~~~~~~~~
/Library/Developer/CommandLineTools/SDKs/MacOSX.sdk/System/Library/Frameworks/Ruby.framework/Versions/2.6/usr/include/ruby-2.6.0/ruby/ruby.h:1811:5: note: expanded from macro 'RUBY_CONST_ID_CACHE'
 1811 |     {                                                   \
      |     ^
xml_xpath_context.c:167:33: warning: '}' and ')' tokens terminating statement expression appear in different macro expansion contexts [-Wcompound-token-split-by-macro]
  167 |   result = rb_funcall2(handler, rb_intern((const char*)function_name), nargs, argv);
      |                                 ^~~~~~~~~~~~~~~~~~~~~~~~~~~~~~~~~~~~~
/Library/Developer/CommandLineTools/SDKs/MacOSX.sdk/System/Library/Frameworks/Ruby.framework/Versions/2.6/usr/include/ruby-2.6.0/ruby/ruby.h:1826:24: note: expanded from macro 'rb_intern'
 1826 |         __extension__ (RUBY_CONST_ID_CACHE((ID), (str))) : \
      |                        ^~~~~~~~~~~~~~~~~~~~~~~~~~~~~~~~
/Library/Developer/CommandLineTools/SDKs/MacOSX.sdk/System/Library/Frameworks/Ruby.framework/Versions/2.6/usr/include/ruby-2.6.0/ruby/ruby.h:1816:5: note: expanded from macro 'RUBY_CONST_ID_CACHE'
 1816 |     }
      |     ^
xml_xpath_context.c:167:33: note: ')' token is here
  167 |   result = rb_funcall2(handler, rb_intern((const char*)function_name), nargs, argv);
      |                                 ^~~~~~~~~~~~~~~~~~~~~~~~~~~~~~~~~~~~~
/Library/Developer/CommandLineTools/SDKs/MacOSX.sdk/System/Library/Frameworks/Ruby.framework/Versions/2.6/usr/include/ruby-2.6.0/ruby/ruby.h:1826:56: note: expanded from macro 'rb_intern'
 1826 |         __extension__ (RUBY_CONST_ID_CACHE((ID), (str))) : \
      |                                                        ^
xml_xpath_context.c:237:35: warning: '(' and '{' tokens introducing statement expression appear in different macro expansion contexts [-Wcompound-token-split-by-macro]
  237 |   if(rb_respond_to(xpath_handler, rb_intern((const char *)name)))
      |                                   ^~~~~~~~~~~~~~~~~~~~~~~~~~~~~
/Library/Developer/CommandLineTools/SDKs/MacOSX.sdk/System/Library/Frameworks/Ruby.framework/Versions/2.6/usr/include/ruby-2.6.0/ruby/ruby.h:1826:23: note: expanded from macro 'rb_intern'
 1826 |         __extension__ (RUBY_CONST_ID_CACHE((ID), (str))) : \
      |                       ^
xml_xpath_context.c:237:35: note: '{' token is here
  237 |   if(rb_respond_to(xpath_handler, rb_intern((const char *)name)))
      |                                   ^~~~~~~~~~~~~~~~~~~~~~~~~~~~~
/Library/Developer/CommandLineTools/SDKs/MacOSX.sdk/System/Library/Frameworks/Ruby.framework/Versions/2.6/usr/include/ruby-2.6.0/ruby/ruby.h:1826:24: note: expanded from macro 'rb_intern'
 1826 |         __extension__ (RUBY_CONST_ID_CACHE((ID), (str))) : \
      |                        ^~~~~~~~~~~~~~~~~~~~~~~~~~~~~~~~
/Library/Developer/CommandLineTools/SDKs/MacOSX.sdk/System/Library/Frameworks/Ruby.framework/Versions/2.6/usr/include/ruby-2.6.0/ruby/ruby.h:1811:5: note: expanded from macro 'RUBY_CONST_ID_CACHE'
 1811 |     {                                                   \
      |     ^
xml_xpath_context.c:237:35: warning: '}' and ')' tokens terminating statement expression appear in different macro expansion contexts [-Wcompound-token-split-by-macro]
  237 |   if(rb_respond_to(xpath_handler, rb_intern((const char *)name)))
      |                                   ^~~~~~~~~~~~~~~~~~~~~~~~~~~~~
/Library/Developer/CommandLineTools/SDKs/MacOSX.sdk/System/Library/Frameworks/Ruby.framework/Versions/2.6/usr/include/ruby-2.6.0/ruby/ruby.h:1826:24: note: expanded from macro 'rb_intern'
 1826 |         __extension__ (RUBY_CONST_ID_CACHE((ID), (str))) : \
      |                        ^~~~~~~~~~~~~~~~~~~~~~~~~~~~~~~~
/Library/Developer/CommandLineTools/SDKs/MacOSX.sdk/System/Library/Frameworks/Ruby.framework/Versions/2.6/usr/include/ruby-2.6.0/ruby/ruby.h:1816:5: note: expanded from macro 'RUBY_CONST_ID_CACHE'
 1816 |     }
      |     ^
xml_xpath_context.c:237:35: note: ')' token is here
  237 |   if(rb_respond_to(xpath_handler, rb_intern((const char *)name)))
      |                                   ^~~~~~~~~~~~~~~~~~~~~~~~~~~~~
/Library/Developer/CommandLineTools/SDKs/MacOSX.sdk/System/Library/Frameworks/Ruby.framework/Versions/2.6/usr/include/ruby-2.6.0/ruby/ruby.h:1826:56: note: expanded from macro 'rb_intern'
 1826 |         __extension__ (RUBY_CONST_ID_CACHE((ID), (str))) : \
      |                                                        ^
4 warnings generated.
compiling xslt_stylesheet.c
xslt_stylesheet.c:141:39: warning: '(' and '{' tokens introducing statement expression appear in different macro expansion contexts [-Wcompound-token-split-by-macro]
  141 |       paramobj = rb_funcall(paramobj, rb_intern("to_a"), 0);
      |                                       ^~~~~~~~~~~~~~~~~
/Library/Developer/CommandLineTools/SDKs/MacOSX.sdk/System/Library/Frameworks/Ruby.framework/Versions/2.6/usr/include/ruby-2.6.0/ruby/ruby.h:1826:23: note: expanded from macro 'rb_intern'
 1826 |         __extension__ (RUBY_CONST_ID_CACHE((ID), (str))) : \
      |                       ^
/Library/Developer/CommandLineTools/SDKs/MacOSX.sdk/System/Library/Frameworks/Ruby.framework/Versions/2.6/usr/include/ruby-2.6.0/ruby/ruby.h:2602:20: note: expanded from macro 'rb_funcall'
 2602 |         rb_funcallv(recv, mid, \
      |                           ^~~
xslt_stylesheet.c:141:39: note: '{' token is here
  141 |       paramobj = rb_funcall(paramobj, rb_intern("to_a"), 0);
      |                                       ^~~~~~~~~~~~~~~~~
/Library/Developer/CommandLineTools/SDKs/MacOSX.sdk/System/Library/Frameworks/Ruby.framework/Versions/2.6/usr/include/ruby-2.6.0/ruby/ruby.h:1826:24: note: expanded from macro 'rb_intern'
 1826 |         __extension__ (RUBY_CONST_ID_CACHE((ID), (str))) : \
      |                        ^~~~~~~~~~~~~~~~~~~~~~~~~~~~~~~~
/Library/Developer/CommandLineTools/SDKs/MacOSX.sdk/System/Library/Frameworks/Ruby.framework/Versions/2.6/usr/include/ruby-2.6.0/ruby/ruby.h:1811:5: note: expanded from macro 'RUBY_CONST_ID_CACHE'
 1811 |     {                                                   \
      |     ^
/Library/Developer/CommandLineTools/SDKs/MacOSX.sdk/System/Library/Frameworks/Ruby.framework/Versions/2.6/usr/include/ruby-2.6.0/ruby/ruby.h:2602:20: note: expanded from macro 'rb_funcall'
 2602 |         rb_funcallv(recv, mid, \
      |                           ^~~
xslt_stylesheet.c:141:39: warning: '}' and ')' tokens terminating statement expression appear in different macro expansion contexts [-Wcompound-token-split-by-macro]
  141 |       paramobj = rb_funcall(paramobj, rb_intern("to_a"), 0);
      |                                       ^~~~~~~~~~~~~~~~~
/Library/Developer/CommandLineTools/SDKs/MacOSX.sdk/System/Library/Frameworks/Ruby.framework/Versions/2.6/usr/include/ruby-2.6.0/ruby/ruby.h:1826:24: note: expanded from macro 'rb_intern'
 1826 |         __extension__ (RUBY_CONST_ID_CACHE((ID), (str))) : \
      |                        ^~~~~~~~~~~~~~~~~~~~~~~~~~~~~~~~
/Library/Developer/CommandLineTools/SDKs/MacOSX.sdk/System/Library/Frameworks/Ruby.framework/Versions/2.6/usr/include/ruby-2.6.0/ruby/ruby.h:1816:5: note: expanded from macro 'RUBY_CONST_ID_CACHE'
 1816 |     }
      |     ^
/Library/Developer/CommandLineTools/SDKs/MacOSX.sdk/System/Library/Frameworks/Ruby.framework/Versions/2.6/usr/include/ruby-2.6.0/ruby/ruby.h:2602:20: note: expanded from macro 'rb_funcall'
 2602 |         rb_funcallv(recv, mid, \
      |                           ^~~
xslt_stylesheet.c:141:39: note: ')' token is here
  141 |       paramobj = rb_funcall(paramobj, rb_intern("to_a"), 0);
      |                                       ^~~~~~~~~~~~~~~~~
/Library/Developer/CommandLineTools/SDKs/MacOSX.sdk/System/Library/Frameworks/Ruby.framework/Versions/2.6/usr/include/ruby-2.6.0/ruby/ruby.h:1826:56: note: expanded from macro 'rb_intern'
 1826 |         __extension__ (RUBY_CONST_ID_CACHE((ID), (str))) : \
      |                                                        ^
/Library/Developer/CommandLineTools/SDKs/MacOSX.sdk/System/Library/Frameworks/Ruby.framework/Versions/2.6/usr/include/ruby-2.6.0/ruby/ruby.h:2602:20: note: expanded from macro 'rb_funcall'
 2602 |         rb_funcallv(recv, mid, \
      |                           ^~~
xslt_stylesheet.c:142:39: warning: '(' and '{' tokens introducing statement expression appear in different macro expansion contexts [-Wcompound-token-split-by-macro]
  142 |       paramobj = rb_funcall(paramobj, rb_intern("flatten"), 0);
      |                                       ^~~~~~~~~~~~~~~~~~~~
/Library/Developer/CommandLineTools/SDKs/MacOSX.sdk/System/Library/Frameworks/Ruby.framework/Versions/2.6/usr/include/ruby-2.6.0/ruby/ruby.h:1826:23: note: expanded from macro 'rb_intern'
 1826 |         __extension__ (RUBY_CONST_ID_CACHE((ID), (str))) : \
      |                       ^
/Library/Developer/CommandLineTools/SDKs/MacOSX.sdk/System/Library/Frameworks/Ruby.framework/Versions/2.6/usr/include/ruby-2.6.0/ruby/ruby.h:2602:20: note: expanded from macro 'rb_funcall'
 2602 |         rb_funcallv(recv, mid, \
      |                           ^~~
xslt_stylesheet.c:142:39: note: '{' token is here
  142 |       paramobj = rb_funcall(paramobj, rb_intern("flatten"), 0);
      |                                       ^~~~~~~~~~~~~~~~~~~~
/Library/Developer/CommandLineTools/SDKs/MacOSX.sdk/System/Library/Frameworks/Ruby.framework/Versions/2.6/usr/include/ruby-2.6.0/ruby/ruby.h:1826:24: note: expanded from macro 'rb_intern'
 1826 |         __extension__ (RUBY_CONST_ID_CACHE((ID), (str))) : \
      |                        ^~~~~~~~~~~~~~~~~~~~~~~~~~~~~~~~
/Library/Developer/CommandLineTools/SDKs/MacOSX.sdk/System/Library/Frameworks/Ruby.framework/Versions/2.6/usr/include/ruby-2.6.0/ruby/ruby.h:1811:5: note: expanded from macro 'RUBY_CONST_ID_CACHE'
 1811 |     {                                                   \
      |     ^
/Library/Developer/CommandLineTools/SDKs/MacOSX.sdk/System/Library/Frameworks/Ruby.framework/Versions/2.6/usr/include/ruby-2.6.0/ruby/ruby.h:2602:20: note: expanded from macro 'rb_funcall'
 2602 |         rb_funcallv(recv, mid, \
      |                           ^~~
xslt_stylesheet.c:142:39: warning: '}' and ')' tokens terminating statement expression appear in different macro expansion contexts [-Wcompound-token-split-by-macro]
  142 |       paramobj = rb_funcall(paramobj, rb_intern("flatten"), 0);
      |                                       ^~~~~~~~~~~~~~~~~~~~
/Library/Developer/CommandLineTools/SDKs/MacOSX.sdk/System/Library/Frameworks/Ruby.framework/Versions/2.6/usr/include/ruby-2.6.0/ruby/ruby.h:1826:24: note: expanded from macro 'rb_intern'
 1826 |         __extension__ (RUBY_CONST_ID_CACHE((ID), (str))) : \
      |                        ^~~~~~~~~~~~~~~~~~~~~~~~~~~~~~~~
/Library/Developer/CommandLineTools/SDKs/MacOSX.sdk/System/Library/Frameworks/Ruby.framework/Versions/2.6/usr/include/ruby-2.6.0/ruby/ruby.h:1816:5: note: expanded from macro 'RUBY_CONST_ID_CACHE'
 1816 |     }
      |     ^
/Library/Developer/CommandLineTools/SDKs/MacOSX.sdk/System/Library/Frameworks/Ruby.framework/Versions/2.6/usr/include/ruby-2.6.0/ruby/ruby.h:2602:20: note: expanded from macro 'rb_funcall'
 2602 |         rb_funcallv(recv, mid, \
      |                           ^~~
xslt_stylesheet.c:142:39: note: ')' token is here
  142 |       paramobj = rb_funcall(paramobj, rb_intern("flatten"), 0);
      |                                       ^~~~~~~~~~~~~~~~~~~~
/Library/Developer/CommandLineTools/SDKs/MacOSX.sdk/System/Library/Frameworks/Ruby.framework/Versions/2.6/usr/include/ruby-2.6.0/ruby/ruby.h:1826:56: note: expanded from macro 'rb_intern'
 1826 |         __extension__ (RUBY_CONST_ID_CACHE((ID), (str))) : \
      |                                                        ^
/Library/Developer/CommandLineTools/SDKs/MacOSX.sdk/System/Library/Frameworks/Ruby.framework/Versions/2.6/usr/include/ruby-2.6.0/ruby/ruby.h:2602:20: note: expanded from macro 'rb_funcall'
 2602 |         rb_funcallv(recv, mid, \
      |                           ^~~
xslt_stylesheet.c:169:58: warning: '(' and '{' tokens introducing statement expression appear in different macro expansion contexts [-Wcompound-token-split-by-macro]
  169 |     parse_error_occurred = (Qfalse == rb_funcall(errstr, rb_intern("empty?"), 0));
      |                                                          ^~~~~~~~~~~~~~~~~~~
/Library/Developer/CommandLineTools/SDKs/MacOSX.sdk/System/Library/Frameworks/Ruby.framework/Versions/2.6/usr/include/ruby-2.6.0/ruby/ruby.h:1826:23: note: expanded from macro 'rb_intern'
 1826 |         __extension__ (RUBY_CONST_ID_CACHE((ID), (str))) : \
      |                       ^
/Library/Developer/CommandLineTools/SDKs/MacOSX.sdk/System/Library/Frameworks/Ruby.framework/Versions/2.6/usr/include/ruby-2.6.0/ruby/ruby.h:2602:20: note: expanded from macro 'rb_funcall'
 2602 |         rb_funcallv(recv, mid, \
      |                           ^~~
xslt_stylesheet.c:169:58: note: '{' token is here
  169 |     parse_error_occurred = (Qfalse == rb_funcall(errstr, rb_intern("empty?"), 0));
      |                                                          ^~~~~~~~~~~~~~~~~~~
/Library/Developer/CommandLineTools/SDKs/MacOSX.sdk/System/Library/Frameworks/Ruby.framework/Versions/2.6/usr/include/ruby-2.6.0/ruby/ruby.h:1826:24: note: expanded from macro 'rb_intern'
 1826 |         __extension__ (RUBY_CONST_ID_CACHE((ID), (str))) : \
      |                        ^~~~~~~~~~~~~~~~~~~~~~~~~~~~~~~~
/Library/Developer/CommandLineTools/SDKs/MacOSX.sdk/System/Library/Frameworks/Ruby.framework/Versions/2.6/usr/include/ruby-2.6.0/ruby/ruby.h:1811:5: note: expanded from macro 'RUBY_CONST_ID_CACHE'
 1811 |     {                                                   \
      |     ^
/Library/Developer/CommandLineTools/SDKs/MacOSX.sdk/System/Library/Frameworks/Ruby.framework/Versions/2.6/usr/include/ruby-2.6.0/ruby/ruby.h:2602:20: note: expanded from macro 'rb_funcall'
 2602 |         rb_funcallv(recv, mid, \
      |                           ^~~
xslt_stylesheet.c:169:58: warning: '}' and ')' tokens terminating statement expression appear in different macro expansion contexts [-Wcompound-token-split-by-macro]
  169 |     parse_error_occurred = (Qfalse == rb_funcall(errstr, rb_intern("empty?"), 0));
      |                                                          ^~~~~~~~~~~~~~~~~~~
/Library/Developer/CommandLineTools/SDKs/MacOSX.sdk/System/Library/Frameworks/Ruby.framework/Versions/2.6/usr/include/ruby-2.6.0/ruby/ruby.h:1826:24: note: expanded from macro 'rb_intern'
 1826 |         __extension__ (RUBY_CONST_ID_CACHE((ID), (str))) : \
      |                        ^~~~~~~~~~~~~~~~~~~~~~~~~~~~~~~~
/Library/Developer/CommandLineTools/SDKs/MacOSX.sdk/System/Library/Frameworks/Ruby.framework/Versions/2.6/usr/include/ruby-2.6.0/ruby/ruby.h:1816:5: note: expanded from macro 'RUBY_CONST_ID_CACHE'
 1816 |     }
      |     ^
/Library/Developer/CommandLineTools/SDKs/MacOSX.sdk/System/Library/Frameworks/Ruby.framework/Versions/2.6/usr/include/ruby-2.6.0/ruby/ruby.h:2602:20: note: expanded from macro 'rb_funcall'
 2602 |         rb_funcallv(recv, mid, \
      |                           ^~~
xslt_stylesheet.c:169:58: note: ')' token is here
  169 |     parse_error_occurred = (Qfalse == rb_funcall(errstr, rb_intern("empty?"), 0));
      |                                                          ^~~~~~~~~~~~~~~~~~~
/Library/Developer/CommandLineTools/SDKs/MacOSX.sdk/System/Library/Frameworks/Ruby.framework/Versions/2.6/usr/include/ruby-2.6.0/ruby/ruby.h:1826:56: note: expanded from macro 'rb_intern'
 1826 |         __extension__ (RUBY_CONST_ID_CACHE((ID), (str))) : \
      |                                                        ^
/Library/Developer/CommandLineTools/SDKs/MacOSX.sdk/System/Library/Frameworks/Ruby.framework/Versions/2.6/usr/include/ruby-2.6.0/ruby/ruby.h:2602:20: note: expanded from macro 'rb_funcall'
 2602 |         rb_funcallv(recv, mid, \
      |                           ^~~
xslt_stylesheet.c:199:37: warning: '(' and '{' tokens introducing statement expression appear in different macro expansion contexts [-Wcompound-token-split-by-macro]
  199 |     VALUE methods = rb_funcall(obj, rb_intern("instance_methods"), 1, args);
      |                                     ^~~~~~~~~~~~~~~~~~~~~~~~~~~~~
/Library/Developer/CommandLineTools/SDKs/MacOSX.sdk/System/Library/Frameworks/Ruby.framework/Versions/2.6/usr/include/ruby-2.6.0/ruby/ruby.h:1826:23: note: expanded from macro 'rb_intern'
 1826 |         __extension__ (RUBY_CONST_ID_CACHE((ID), (str))) : \
      |                       ^
/Library/Developer/CommandLineTools/SDKs/MacOSX.sdk/System/Library/Frameworks/Ruby.framework/Versions/2.6/usr/include/ruby-2.6.0/ruby/ruby.h:2602:20: note: expanded from macro 'rb_funcall'
 2602 |         rb_funcallv(recv, mid, \
      |                           ^~~
xslt_stylesheet.c:199:37: note: '{' token is here
  199 |     VALUE methods = rb_funcall(obj, rb_intern("instance_methods"), 1, args);
      |                                     ^~~~~~~~~~~~~~~~~~~~~~~~~~~~~
/Library/Developer/CommandLineTools/SDKs/MacOSX.sdk/System/Library/Frameworks/Ruby.framework/Versions/2.6/usr/include/ruby-2.6.0/ruby/ruby.h:1826:24: note: expanded from macro 'rb_intern'
 1826 |         __extension__ (RUBY_CONST_ID_CACHE((ID), (str))) : \
      |                        ^~~~~~~~~~~~~~~~~~~~~~~~~~~~~~~~
/Library/Developer/CommandLineTools/SDKs/MacOSX.sdk/System/Library/Frameworks/Ruby.framework/Versions/2.6/usr/include/ruby-2.6.0/ruby/ruby.h:1811:5: note: expanded from macro 'RUBY_CONST_ID_CACHE'
 1811 |     {                                                   \
      |     ^
/Library/Developer/CommandLineTools/SDKs/MacOSX.sdk/System/Library/Frameworks/Ruby.framework/Versions/2.6/usr/include/ruby-2.6.0/ruby/ruby.h:2602:20: note: expanded from macro 'rb_funcall'
 2602 |         rb_funcallv(recv, mid, \
      |                           ^~~
xslt_stylesheet.c:199:37: warning: '}' and ')' tokens terminating statement expression appear in different macro expansion contexts [-Wcompound-token-split-by-macro]
  199 |     VALUE methods = rb_funcall(obj, rb_intern("instance_methods"), 1, args);
      |                                     ^~~~~~~~~~~~~~~~~~~~~~~~~~~~~
/Library/Developer/CommandLineTools/SDKs/MacOSX.sdk/System/Library/Frameworks/Ruby.framework/Versions/2.6/usr/include/ruby-2.6.0/ruby/ruby.h:1826:24: note: expanded from macro 'rb_intern'
 1826 |         __extension__ (RUBY_CONST_ID_CACHE((ID), (str))) : \
      |                        ^~~~~~~~~~~~~~~~~~~~~~~~~~~~~~~~
/Library/Developer/CommandLineTools/SDKs/MacOSX.sdk/System/Library/Frameworks/Ruby.framework/Versions/2.6/usr/include/ruby-2.6.0/ruby/ruby.h:1816:5: note: expanded from macro 'RUBY_CONST_ID_CACHE'
 1816 |     }
      |     ^
/Library/Developer/CommandLineTools/SDKs/MacOSX.sdk/System/Library/Frameworks/Ruby.framework/Versions/2.6/usr/include/ruby-2.6.0/ruby/ruby.h:2602:20: note: expanded from macro 'rb_funcall'
 2602 |         rb_funcallv(recv, mid, \
      |                           ^~~
xslt_stylesheet.c:199:37: note: ')' token is here
  199 |     VALUE methods = rb_funcall(obj, rb_intern("instance_methods"), 1, args);
      |                                     ^~~~~~~~~~~~~~~~~~~~~~~~~~~~~
/Library/Developer/CommandLineTools/SDKs/MacOSX.sdk/System/Library/Frameworks/Ruby.framework/Versions/2.6/usr/include/ruby-2.6.0/ruby/ruby.h:1826:56: note: expanded from macro 'rb_intern'
 1826 |         __extension__ (RUBY_CONST_ID_CACHE((ID), (str))) : \
      |                                                        ^
/Library/Developer/CommandLineTools/SDKs/MacOSX.sdk/System/Library/Frameworks/Ruby.framework/Versions/2.6/usr/include/ruby-2.6.0/ruby/ruby.h:2602:20: note: expanded from macro 'rb_funcall'
 2602 |         rb_funcallv(recv, mid, \
      |                           ^~~
8 warnings generated.
linking shared-object nokogiri/nokogiri.bundle
ld: warning: ignoring duplicate libraries: '-liconv', '-lm', '-lpthread', '-lz', '/Users/avishek/Documents/projects/decap_cms_portfolio/avishek-018.github.io/vendor/bundle/ruby/2.6.0/gems/nokogiri-1.11.1/ports/aarch64-apple-darwin24/libxml2/2.9.10/lib/libxml2.a'
ld: warning: search path '/AppleInternal/Library/BuildRoots/4~B5FAugAunRW9OK7YcFNXDBTTVy6DXTYoxzE3ORQ/Applications/Xcode.app/Contents/Developer/Platforms/MacOSX.platform/Developer/SDKs/MacOSX15.6.Internal.sdk/usr/local/lib' not found
Cleaning files only used during build.
rm -rf /Users/avishek/Documents/projects/decap_cms_portfolio/avishek-018.github.io/vendor/bundle/ruby/2.6.0/gems/nokogiri-1.11.1/ext/nokogiri/tmp/aarch64-apple-darwin24/ports
rm -rf /Users/avishek/Documents/projects/decap_cms_portfolio/avishek-018.github.io/vendor/bundle/ruby/2.6.0/gems/nokogiri-1.11.1/ports

current directory: /Users/avishek/Documents/projects/decap_cms_portfolio/avishek-018.github.io/vendor/bundle/ruby/2.6.0/gems/nokogiri-1.11.1/ext/nokogiri
make "DESTDIR=" install
/usr/bin/install -c -m 0755 nokogiri.bundle ./.gem.20260303-90698-1s2on30/nokogiri
installing nokogiri libraries
